-- phpMyAdmin SQL Dump
-- version 5.0.2
-- https://www.phpmyadmin.net/
--
-- Servidor: localhost
-- Tiempo de generación: 23-09-2020 a las 13:46:56
-- Versión del servidor: 5.7.23-23
-- Versión de PHP: 7.2.33

SET SQL_MODE = "NO_AUTO_VALUE_ON_ZERO";
START TRANSACTION;
SET time_zone = "+00:00";


/*!40101 SET @OLD_CHARACTER_SET_CLIENT=@@CHARACTER_SET_CLIENT */;
/*!40101 SET @OLD_CHARACTER_SET_RESULTS=@@CHARACTER_SET_RESULTS */;
/*!40101 SET @OLD_COLLATION_CONNECTION=@@COLLATION_CONNECTION */;
/*!40101 SET NAMES utf8mb4 */;

--
-- Base de datos: `perummco_ebook`
--

-- --------------------------------------------------------

--
-- Estructura de tabla para la tabla `alumno`
--

CREATE TABLE `alumno` (
  `alumno` int(11) NOT NULL,
  `aula` int(11) NOT NULL,
  `paterno` varchar(200) NOT NULL,
  `materno` varchar(200) NOT NULL,
  `nombres` varchar(200) NOT NULL,
  `correo` varchar(200) NOT NULL,
  `clave` varchar(200) NOT NULL,
  `celular` varchar(200) NOT NULL,
  `estado` varchar(200) NOT NULL
) ENGINE=InnoDB DEFAULT CHARSET=latin1;

--
-- Volcado de datos para la tabla `alumno`
--

INSERT INTO `alumno` (`alumno`, `aula`, `paterno`, `materno`, `nombres`, `correo`, `clave`, `celular`, `estado`) VALUES
(1, 1, 'Vargas', 'Altamirano', 'Liliana Cristina', 'gtryonp@gmail.com', '20200713100002', '934601654', 'A'),
(2, 1, 'Tryon', 'Pera', 'Christopher', 'cwtryon@hotmail.com', '20200717102521', '', 'A'),
(5, 1, 'Tryon', 'Vargas', 'Elizabeth', 'etryonv@gmail.com', '20200725103800', '', 'A'),
(6, 1, 'Tryon', 'Vargas', 'Emily', 'emily@outlook.com', '20200803163200', '', 'A'),
(7, 1, 'Vera', '.', 'Luis', 'luis@aol.com', '20200914134600', '', 'A');

-- --------------------------------------------------------

--
-- Estructura de tabla para la tabla `aula`
--

CREATE TABLE `aula` (
  `aula` int(11) NOT NULL,
  `colegio` int(11) NOT NULL,
  `nombre` varchar(200) NOT NULL
) ENGINE=InnoDB DEFAULT CHARSET=latin1;

--
-- Volcado de datos para la tabla `aula`
--

INSERT INTO `aula` (`aula`, `colegio`, `nombre`) VALUES
(1, 1, 'Room 1'),
(2, 1, 'Room 3');

-- --------------------------------------------------------

--
-- Estructura de tabla para la tabla `colegio`
--

CREATE TABLE `colegio` (
  `colegio` int(11) NOT NULL,
  `nombre` varchar(200) NOT NULL
) ENGINE=InnoDB DEFAULT CHARSET=latin1;

--
-- Volcado de datos para la tabla `colegio`
--

INSERT INTO `colegio` (`colegio`, `nombre`) VALUES
(1, 'English ClubHouse');

-- --------------------------------------------------------

--
-- Estructura de tabla para la tabla `libro`
--

CREATE TABLE `libro` (
  `libro` int(11) NOT NULL,
  `nombre` varchar(200) NOT NULL,
  `ruta` varchar(200) NOT NULL
) ENGINE=InnoDB DEFAULT CHARSET=latin1;

--
-- Volcado de datos para la tabla `libro`
--

INSERT INTO `libro` (`libro`, `nombre`, `ruta`) VALUES
(1, 'English ClubHouse', 'primero'),
(2, 'Geografia', 'segundo'),
(3, 'Aleman', 'tercero');

-- --------------------------------------------------------

--
-- Estructura de tabla para la tabla `libroalumno`
--

CREATE TABLE `libroalumno` (
  `libroalumno` int(11) NOT NULL,
  `libro` int(11) NOT NULL,
  `alumno` int(11) NOT NULL,
  `paginas` varchar(200) NOT NULL,
  `desde` varchar(200) NOT NULL
) ENGINE=InnoDB DEFAULT CHARSET=latin1;

--
-- Volcado de datos para la tabla `libroalumno`
--

INSERT INTO `libroalumno` (`libroalumno`, `libro`, `alumno`, `paginas`, `desde`) VALUES
(1, 1, 2, '', '2020-07-13'),
(2, 1, 1, '', '2020-07-14'),
(3, 1, 5, '', '2020-07-21'),
(4, 1, 6, '', '2020-08-03'),
(5, 2, 1, '', '2020-08-26'),
(6, 0, 0, '', ''),
(7, 1, 7, '', ''),
(8, 2, 7, '', ''),
(9, 0, 0, '', ''),
(10, 0, 0, '', ''),
(11, 9, 6, '', '2020-09-14'),
(12, 3, 6, '', '2020-09-23');

-- --------------------------------------------------------

--
-- Estructura de tabla para la tabla `libroalumnorespuesta`
--

CREATE TABLE `libroalumnorespuesta` (
  `libroalumnorespuesta` int(11) NOT NULL,
  `libro` int(11) NOT NULL,
  `alumno` int(11) NOT NULL,
  `pagina` int(11) NOT NULL,
  `tiempo` text NOT NULL,
  `respuesta` text NOT NULL,
  `estado` varchar(20) NOT NULL,
  `performance` varchar(200) NOT NULL
) ENGINE=InnoDB DEFAULT CHARSET=latin1;

--
-- Volcado de datos para la tabla `libroalumnorespuesta`
--

INSERT INTO `libroalumnorespuesta` (`libroalumnorespuesta`, `libro`, `alumno`, `pagina`, `tiempo`, `respuesta`, `estado`, `performance`) VALUES
(4, 1, 2, 40, '[2020-08-19 16:33:12(2)(lo que el viento se llevo=gone with the wind|)][2020-08-19 16:33:38(4)(lo que el viento se llevo=gone with the wind|El bueno el malo y el feo=the good the bad and the ugly|)][2020-08-19 17:15:35(3)(lo que el viento se llevo=gone with the wind|El bueno el malo y el feo=the good the bad and the ugly|el planeta de los simios=planet of the apes|)]', 'lo que el viento se llevo=gone with the wind|El bueno el malo y el feo=the good the bad and the ugly|el planeta de los simios=planet of the apes|', 'P', '75.00%'),
(5, 1, 2, 4, '[2020-08-19 17:12:03(7)(1|3|)]', '1|3|', 'P', '10.00%'),
(6, 1, 2, 6, '[2020-08-19 17:12:11(5)(blue|pink|)]', 'blue|pink|', 'P', '8.33%'),
(7, 1, 2, 8, '[2020-08-19 17:12:19(4)(0|5|4|3|2|6|1|)]', '0|5|4|3|2|6|1|', 'P', '28.57%'),
(8, 1, 2, 10, '[2020-08-19 17:12:36(14)(BLOB)]', 'iVBORw0KGgoAAAANSUhEUgAAArQAAAFxCAYAAACC8ztAAAAgAElEQVR4Xu3dfYykxYHf8V/1LF4WWWLRKQrrWAIMJweJmV3i 8PW8bLIdzkrthU2jrVrdiZgAwqRTgjuzQZhnSL7vHDOmY2TU 7kXRs0PeCNUcAijtApEbsHJ5Lokp3pseSzshiQktu14ohBOnlsM9MVVW/PXk/P83Q/3f1U9fNUfUe6P3zbT718qob5TU09VUZ8IYAAAggggAACCCBQYwFT47bTdAQQQAABBBBAAAEERKBlEiCAAAIIIIAAAgjUWoBAW vho/EIIIAAAggggAACBFrmAAIIIIAAAggggECtBQi0tR4 Go8AAggggAACCCBAoGUOIIAAAggggAACCNRagEBb6 Gj8QgggAACCCCAAAIEWuYAAggggAACCCCAQK0FCLS1Hj4ajwACCCCAAAIIIECgZQ4ggAACCCCAAAII1FqAQFvr4aPxCIQRWLhJD9oZHZL0QVntKatWI71hjd5x5bWtzs20tdope0b/c3FFr5ZVD UggAACCMQtQKCNe3zpHQJjCSzs1y2bVnc3jD5ura42mu6tglbaMNLfZHbGaF3SDy/9W1tvG6vTnZA8ox8vrejUWAg8hAACCCBQGwECbW2GioYi4E/g6H4dNtIDsjpgpfcaaZe/2qZT8qVQ3BOAjdVrausCwXc6Y0KtCCCAQFkCBNqyJCkHgRoKuJVYa/WipL01bL6XJlvJGl3cBuG trZFbG2JWPy vu6lYgpFAAEEEBhbgEA7Nh0PIlBvgYVZHWsbfX7a2wnqqNhZ7TX6v26rg9nU8  5TN89eVZv1bEvtBkBBBCIQYBAG8Mo0gcERhA4ekAPmbZ f8RVWbdq aNNq1UzozMjVDfwo2ZTd176gNEHZXR5539bXXlxcbRWX vW6P9Yq9MzRk/zUlutxo7GIoBAzQXq9gOj5tw0H4HpCYy8vcDtNbX6oW3o6aVlHZ9eyyW3x1dG 7La0GjrJmt1w9a/GaP3W6Nf6gbj92pK 4HdKq6M3iTgTnPmUDcCCKQiQKBNZaTpZ9ICnUBo9eyQ7QXuJIGn2w19f9oB1sdgbYXibQG4of2hgi8B18eoUiYCCCBwUYBAy0xAIAGBo3N6d8jJBRd2z jD7AOV3Ep22 hXLq34bm2LuBh d5d1Du9WwDVtrdqGTnG8WALfiHQRAQS8CRBovdFSMALVEFiY0wkr3ZvTmg1j9a8WV/VINVpbj1a4fch2U7fPGM1ao/eVFXIlrblTFSS9JKP/xD7ceswHWokAAtMXINBOfwxoAQJeBbp7Z1/pq6SzvWCxpfu8Vp5I4fferGt saEHrNHH5F5uK k2tc4RYkYXtk5T4MiwRCYU3UQAgZEFCLQjk/EAAvUTmJ/TWUkHOi03Wt/d0I1sL/A3jr4CbrfF60b6K7eK 54Z/Snj6G8cKRkBBOojQKCtz1jRUgQmEnAvRTXaOsD2gokYx3q4L BeK1veRRa9L5vtmdGXCbhjDREPIYBAzQUItDUfQJqPAAL1FOicB xeOHNbFKS/W JLuqzg1nNK0GoEEJhAgEA7AR6PIoAAAmUJuL3OsrrHSh SUZmruOsy m/uRjP24JY1WpSDAAJVEyDQVm1EaA8CCCDQFdh2moJ0TUmXRKzJaNlKf8JRYUw1BBCIRYBAG8tI0g8EEIheoOyXzbZOUWhbfY/reqOfPnQQgagFCLRRDy dQwCBmAXKDrhS57rjl0xDX MM3JhnDn1DID4BAm18Y0qPEEAgUYGtgCujT9vJtygQbhOdR3QbgToKEGjrOGq0GQEEECggsPWimaSDVvrA2CcpGJ132xKeaen AtXyEQQQQCC4AIE2ODkVIoAAAtMRcGcR27aONIw PM5RYW7PbUNaltGDbEmYzhhSKwIIZAsQaJkZCCDQEXB/rv75hp6U0R3uf7el51iRi3tydM7Cbevusa7rNTpvjf5waVnH41aidwggUAcBAm0dRok2IuBZwK3cyapppF29VRnp5GJL93munuIrIOC2J2y29duNhn5DVnuKNsndVGalp7ilrKgYn0MAAR8CBFofqpSJQI0EumH2WSPt/O B1Znmqg7WqDs0tQSBS HW6BNFz77tHgF2xkhfZDtCCYNAEQggMJIAgXYkLj6MQFwCA8Os6yqBNq4BH6M3bltCo63ftNL1RR 3RuckPcbFDUXF BwCCEwqQKCdVJDnEaipwNAwK20YoztYbavpAJfcbLfHen1DxxsjrNpKWrMN/Uv22ZY8GBSHAAI7BAi0TAoEEhQYGGaN1q3Ro4SQBCdGwS4vzOqYbegBWe0t8sjWPlteMiyixWcQQGAcAQLtOGo8g0CNBYaF2d0N3XjyrN6qcRdpeiCB7jm3TxXdjrC1z3Z3Q/cwxwINEtUgkIgAgTaRgaabCDiBztFcm/qBlPEWu9E6YZZ5Mo5A98i3p2V0W5HLG1ywldHrDemzbGkZR5xnEECgX4BAy5xAICGB f36a1nt29FlwmxCs8BvVxfmdMJKdxc9HUGcZ t3QCgdgUQECLSJDDTdROCuWT3fMLqTMMtcCCHAPtsQytSBAAJbAgRa5gICCQi4Pwn/bFNvZJw1a63RZzheKYFJMKUuuj3bDas/GHWfLefZTmnAqBaBmgoQaGs6cDQbgVEEFuZ0LitQGKvHF1f1yChl8VkExhFwL5BZq38jaX RfbadOtiOMA41zyCQpACBNslhp9MpCbiD8U1bT2b0ebnZ0s0pWdDX6QuMc56tO/bLWL24e5ce5nSE6Y8hLUCgigIE2iqOCm1CoCSB7laDc0ba1Vek3T2j6wgHJUFTzFgCo 6zdZV0biEz mPOSR6LnIcQiFaAQBvt0NIxBKT5OZ2VdKDfwkgnF1u6DyMEqiAw6j7bTrCVNqz0FJc1VGEEaQMC0xcg0E5/DGgBAl4EcrcaGK01V3SVl0opFIEJBHrOs/3Vosd cVnDBOA8ikBEAgTaiAaTriCwJTBgq4GM0a0cZs9cqbrAqNsRWLGt ojSPgT8ChBo/fpSOgJTEcjbatC2euGZVR2aSqOoFIExBMY4HWHNGH2SX9rGwOYRBGosQKCt8eDRdASyBNhqwLyIVaBzC5nRp2S1d2gfjU7vbugeXnwcKsUHEIhCgEAbxTDSCQT VuDonN7NOtXAGN3GqhUzJQaBoi RuW0Iauh3OREhhlGnDwgMFiDQMkMQiEhgflanZXR7f5fYahDRINOVSwLd7QjfkXT1EBa2ITBvEIhcgEAb QDTvXQEcq 35VSDdCZBoj3tbrP56rCTEdwZtg3ps/ylItGJQrejFiDQRj28dC4lgbzVWWt0ZGlFp1KyoK9pCuR9D/RrEGzTnB/0Om4BAm3c40vvEhHo/un1lYzucr1tInOAbl4U6HwvSC8WeXGMYMusQSAeAQJtPGNJTxIWWJjTOStd30fA9bYJz4nUu945x9bod4ZtQ3BOBNvUZwv9j0GAQBvDKNKHpAVyV2etzjRXdTBpHDqfvEB3G8Jtkob vCPYJj9dAKixwNBv8Br3jaYjkIQAq7NJDDOdnECg50rdocGWq3QngOZRBKYoQKCdIj5VIzCpAKuzkwryfEoCowZbK518pqX7UzKirwjUVYBAW9eRo90IuBdg2DvLPEBgZIFRgq2kNWv0ACeFjMzMAwgEFSDQBuWmMgTKE2B1tjxLSkpTYKRga3S6uaI70pSi1whUX4BAW/0xooUIZAqwOsvEQKAcgRGCLTeOlUNOKQiULkCgLZ2UAhHwL8DqrH9jakhPoMhVuu6lMTX0W0vLOp6eED1GoLoCBNrqjg0tQyBXIOdGJM6dZc4gUIJAkat0jXRysaX7SqiOIhBAoAQBAm0JiBSBQEgB9 fRn23qDdN/ribnzoYcBupKQGDYVbqE2gQmAV2sjQCBtjZDRUMRuCjA6iwzAYFwAsNWawm14caCmhAYJECgZX4gUCMBVmdrNFg0NRqBzktjbf1AVnuyOkWojWao6UiNBQi0NR48mp6ewF2zer5hdGd/z3fP6NqTZ/VWxUWukfSkdOnoo ckDq2v JjRvB6BnJNFOp8g1DJVEJiuAIF2uv7UjsBIAkfn9K6RdvU ZKTXF1u6YaSCwn/4sKSm tou6aTEizXhh4MaxxUg1I4rx3MI BUg0Pr1pXQEShNYmNUxa/SF/gKN0a2LK3q1tIrKL ghSV 7uIi14 uMpIPlV0mJCPgTINT6s6VkBMYVINCOK8dzCAQWmJ/TeUlX91V7odnSvsBNGaW6E5LuHfAAgXYUTT5bGQFCbWWGgoYg0BEg0DIREKiBQOellE292d9UY/X44qoeqWAX3H7Z/ywN3Aqx0d1PW XV5QrS0qSqCBBqqzIStAMBAi1zAIFaCCzM6YTdudK50Wzpsgp2wG0x GrGftmtpq5LelRK4qYlZ/HPJF3XM068DFfBSTtukwi148rxHALlCrBCW64npSHgRSBnu8Fys6WbvVQ4XqFFVmVdmL1RqvyJDOMJbH/qfw1YoeZluDKEK1JGXqjtXJNr9JmlFZ2qSFNpBgLRChBoox1aOhaLQN52A2t0pCI/KF2QfUrS7UO2Mb0 ZAtCLEPm jEozLp/Z 9wTKMtiVAb2YDSndoJEGhrN2Q0ODWBnNMNqrDdoGiQtZK mdDxXMPCLIE20m/inL kuN6u757RjTU4KzrSkaFbKQgQaFMYZfpYa4Gsq24rcPbsNyTdM2Cf7Jb5mqRPSpU Vqys eEC/rKkvUMK5GW4ssQrVs7AG8WMzjdX9L6KNZnmIBCNAIE2mqGkI7EKzO/X27LbQ9IUbyW6RdKLBUKbW5X9rqRDsY5LX79cmP2BlH01qqQXutsM3GPHe551L439Xvc5XhaLYLIMDLVWZ5qrnLscwTDThQoKEGgrOCg0CYFegaNzapu E0mmdJnCMUmfL3Dcn9sr 9FEXvzaGqq3B4T8vL3D7peDV/pm zlJ3 meAsE3Qk0Fju7XYWP1bNb3SoWP2qupNs1G4KIAgZaZgEDFBebn5FY7t301W8G/d18ucKOXC25uG0Jq58qe7r4QlzWT3Mps3iq1 wVhx81v3ULctgS3Ev5wYr8YVPy7sXjz8m72cycfNIxuq/jtfsU7yicRqIgAgbYiA0EzEMgSOHpAD5m2ntz2b0brzRVdEVBs2EtOFyR9ukCQjfHP665P28fn4sC4X0KekAZeejEo0PYOr1u1/TWCbcAZX1JVWfvfu0XzklhJxhSDwJYAgZa5gECFBXIC7VpzRVcFavagMOtWEX 34AUJWX9er/tZrG7frAubuzLG4vEhYdY94p5/o Bfytz5vf wwC8NgaYF1RQVyDv5wBqdW1rRLxcth88hgMBgAQItMwSBCgtMOdAOCrNuVfbDI6waZq1G1v0s1rytBqP067CkZoHTIrZWfd2NY29VeMrStD6B7jnSmb/4tK1eeGY1mRcnmRsIeBUg0HrlpXAEJhOYYqAdFGZHCWxbAFnhb5xyJgMt7 m81VV3TNk4q cu2P66pE8NOUFi0J7c8npHSaUKDHxJTDq52NJ9pVZIYQgkKECgTXDQ6XJ9BBbmdMJK9/a12PeVt2clHchRGnebQGyBNs/o1hK2BbjtGV/OedGszr8E1Ocbz0NLc76XOzVV6NY/Dz2nSATCCBBowzhTCwJjCWS VOL3LMsT2hmgt9o bph1z8cUaLP2A7s uksVbh5roHc lHdJA4G2JOBpFDM/p8xfhNzJB5fP6DpuEpvGqFBnLAIE2lhGkn5EKRA40Lo/e2eenSlpkjDrxibrnNa6hrOscO5ONShrf6vbb/w7Oftq2XJQ8 /0hTmds9L1Gd1Ya7bG2q5ScxGaj0A5AgTachwpBQEvAgED7aCbriYNUXmrvkcknfIC56/QvL2zZYTzr0j6FwP20LrQfFsJWxr86VByIYH5/fqp7M5b5XhJrBAfH0IgU4BAy8RAoMICAQNt3p7QvFuuRlF7N2O1cdyXp0ap18dn886ddcdq/XyCCt9b4KSDSVfJJ2gej5Yp0D35YMeRbVy6UKYyZaUmQKBNbcTpb60EAgVat9Xg2xkwLqTdOOExUc9LujOjbHcD1vFaDcbFxub1x2dX3MrsNyXehPeJHLrszBNMLh5K/PpiSzeEbg/1IVB3AQJt3UeQ9kctECjQZu1vda6TbAlwL059S8r8wVzX1VlnUvR2r7LmpbP6JNsMyuKsVjm5L4k19PDSci1/4asWMK1JSoBAm9Rw09m6CQQItHl/Qh93T g3JH1c0r4B1nVdnXVdyjvhoOypNcotbGXXTXmBBPK2HrBKG2gAqCYqAQJtVMNJZ2ITCBBoz0u6us/NbTW4YgRLt2XBnZvq3twe9t UOq/ObpG4l9w V6CvIxBe qi7ge2Jmm7HGKe/yT Tdz6tMbp1cUWvJg8EAAIFBYb98ClYDB9DAAEfAp4DrXtj/82MdhddQXWrsf90yM1WvcW7MOsubIjl6la3ul3mVx33FJfZ/2TLmp/TjhcnOfEg2elAx8cUINCOCcdjCIQQ8Bxos7YbuD91Xzagbw9KukfSbIG38reKcS81/bmkgyHMqAOBugnk7KW90GwN3LpTt27SXgS8ChBovfJSOAKTCUwh0Lrw U5Gq4scK9X/mAvHfyHp7ohWZScbUJ5GIEPg6H4dNnb7SSPuCK llhqAIYBAMQECbTEnPoXAVASmEGgn7acLxD S9G/ZBzopJc nJDA/J/e9s 2LfbQpzQD6OqkAgXZSQZ5HwKOA50DrWp516cE4PXIvkj3DWanj0PEMAtL8fr0tq729Fpbju5gaCBQWINAWpuKDCIQXCBBo3QkFz07wxr67SYzV2PBTgxojE5if044TR4x0crHFhRqRDTXd8SRAoPUES7EIlCEQINC6ZrqzVZ S9IECwdbti/2JpO9J hJ7Y8sYZcpAQAr0vQ41AtEKEGijHVo6FoPAFH7IuRXbrEsR3OrRqRhM6QMCVRSYwvd6FRloEwJjCxBox6bjQQT8C/BDzr8xNSBQBQG 16swCrShzgIE2jqPHm2PXoAfctEPMR1EoCPA9zoTAYHJBAi0k/nxNAJeBfgh55WXwhGojADf65UZChpSUwECbU0HjmanIcAPuTTGmV4iwPc6cwCByQQItJP58TQCXgX4IeeVl8IRqIwA3 uVGQoaUlMBAm1NB45mpyHAD7k0xpleIsD3OnMAgckECLST fE0Al4F CHnlZfCEaiMAN/rlRkKGlJTAQJtTQeOZqchwA 5NMaZXiLA9zpzAIHJBAi0k/nxNAJeBY4e0EOmrSf7KrnQbGVefuC1LRSOAAL BAi0/mwpOQ0BAm0a40wvayqQGWiN1poruqqmXaLZCCCQIUCgZVogMJkAgXYyP55GwKtAYoH2Fkn/SNJHuqgHhuA J l rwNA4QgEEiDQBoKmmmgFCLTRDi0di0Eg8kB7jaTHJB2UdK2kXWOM2UlJ943xHI8gUCkBAm2lhoPG1FCAQFvDQaPJ6QhEGGgPS3L/9zFJe0oYyTPdQFxCURSBwPQECLTTs6fmOAQItHGMI72IVCCSQPugpHskzY65CjtodAm0kc791LpFoE1txOlv2QIE2rJFKQ BEgVyTjlYb7Z0RYnV CjqK5I Lel6Sb7 O7Mh6Q5Jr/roAGUiEFKAQBtSm7piFPD1gyZGK/qEwFQE5udk ytutryFxEn66EKsW4m9eoIQuybpTUnvSHpN0o8HNOj4JI3lWQSqJECgrdJo0JY6ChBo6zhqtDkpgYoH2klXYt0q6/clvSTpkaQGls4i0CNAoGU6IDCZAIF2Mj eRsC7QAUDrTte6 uS3LFa4/w3xK3Cnpb0R2wX8D59qKAmAgTamgwUzayswDg/jCrbGRqGQIwC8/v1tqz29vbNNvTw0rJC/8n9IUm/J418S5nbMuG2DnxP0pckvRXjONEnBCYRINBOosezCIy3uoIbAggEFKhAoHUrsv9 xCDrQuyPJH2HrQQBJwtV1VaAQFvboaPhFRFghbYiA0EzEMgTWJjTOXvxtIBLX22rF55Z1aEAai PcM4rITbAgFBFnAIE2jjHlV6FEyDQhrOmJgTGEpjSDzq3veCrBc NfZ2V2LGGlocQuCQwpe9zRgCBaAQItNEMJR2JVWBhTiesdO 2/hmtNVd0lYc u to3XFZ 4aU7U4n I SXPBlT6yHgaDItAQItGmNN70tX4BAW74pJSJQqkDgyxXelra/gNbXGRdkn5Z0X6mdpDAEEhcg0CY Aej xAIE2okJKQAB/wKBju5yq61PDuiNu2b2blZk/Y83NaQnQKBNb8zpcbkCBNpyPSkNAS8C83N6t38/q4eju3bU0e2MOzf2AUmnvHSOQhFAQARaJgECkwkQaCfz42kEggjMz l890rZS/WVfNLBYUnfzuiMW5U9GKSTVIJAwgIE2oQHn66XIkCgLYWRQhDwK3DXrJ5vGN3ZV8uFZmvoy1tFG3ZM0hf6Puz2y15WtAA hwAC4wsQaMe340kEnACBlnmAQA0Eju7XYWN3rqA2W6V9D7uraG/vo1iWdHMNeGgiArUXINDWfgjpwJQFCLRTHgCqR6CowPyc2v2/hBqrxxdX9UjRMgZ8LmuF1l2U8Bn2zpagSxEIDBEg0DJFEJhMgEA7mR9PIxBMIOvGMCO9vtjSDSU0wl1v 0pOOS7YvtP3b29k/P/ckV9upTfr6 sltJEiEIhWgEAb7dDSsUACBNpA0FSDwKQCC7M6Zs32fa5WskstNSYtu/v8OfVdsVtSuaMU405UqPrXc5Lur3ojaV 9BAi09RovWls9AQJt9caEFiGQK5C57UA6udgq5aIDd0uYC7W7GIKhAie5XGKoER8YQYBAOwIWH0UgQ4BAy7RAoEYCWdsOJJV52oE7vutbkvbUiGUaTeU4s2moR1wngTbiwaVrQQQItEGYqQSBcgRyrsGVMbp1cUWvllNLp5QTku4i2OaKEmhLnGwUJS5WYBIgMKEAgXZCQB5HILRA1q1hsjrTXPV2AYJbtd3X18/ M3HdP18p6docj72hnTzW587nvUMq9RcIj82l6DoIsEJbh1GijVUWINBWeXRoGwIZAlmXLFhpY6kVxSUID9Vg0I/XoI00sWYCBNqaDRjNrZwAgbZyQ0KDEBgscO/Nuubnm3qz/1OmvJfDGAIEEAgsQKANDE510QkQaKMbUjqUgkDOy2FrzZauSqH/9BGB2ATm53Re0tW9/eKX1NhGmf74FCDQ tSlbAQ8CQR8OcxTDygWAQR6Beb3621Zbdtrbht6eGlZbHFhqiBQQIBAWwCJjyBQRYGsl8NKvDmsil2mTQhEK3B0Tm0jbfuZbI2OLK3oVLSdpmMIlChAoC0Rk6IQCCmwMKcTVrq3t053c9jlM7ru5Fm9FbIt1IUAAuML5O2Lb7a2B9zxa BJBOIXINDGP8b0MFKB7g/BN9S3quP5CK9INekWAtMTyNxCZLTeXNEV02sVNSNQLwECbb3Gi9YisE1gfk5nJR3oW6WN5QgvRhuBJASyjuIr QbAJBzpZNoCBNq0x5/e11xgYb9usVav9HeDt6NrPrA0PymBzFNL/F6WkpQvnU1DgECbxjjTy4gFsn4YRnTRQsQjR9cQuCgwP6ef9l8zzQkHzA4ERhMg0I7mxacRqJxA3hFe/ECs3FDRIAR2COS9ELZ7RtfycicTBoHiAgTa4lZ8EoHKCmSdYSmJixYqO2I0DIGLAguzOmaNvrDNgxfCmB4IjCxAoB2ZjAcQqJ5A7kULXIdbvcGiRQj0CGS92ClpudnSzUAhgEBxAQJtcSs iUClBTJvGpI48aDSo0bjUhfI2j9rrB5fXNUjqdvQfwRGESDQjqLFZxGosEDeKm3b6oVnVnWowk2nafkC10h6UtId3Y88J l wOIQyDulhP2zcYwvvQgrQKAN601tCHgVyFml5fYwr reCj8sqSlpV18NJyXd561WCg4mkHXbn9g/G8yfiuISINDGNZ70JnGBo/t12Fh9O4OBPXn1mhsuzD674xa4i304I lgvbpDa7MEsrYbcNMfcwWB8QQItOO58RQClRXIPKTdJSOjWxdX9GplG07DtgQGhVkCbSTzJG 7gTU6srSiU5F0k24gEEyAQBuMmooQCCPQPdfyjYzVPY7xCjMEk9RyQtLnclZmXbkb3f20/GIyiXIFns35xXOj2dJlFWgeTUCgdgIE2toNGQ1GYLjA/KxOy j2/k9y2cJwuyl9wr389ZqkfTn1r0t6VNLxKbWPaksUyFud5QXOEpEpKjkBAm1yQ06HUxDortKe63 hiCtxKzv6O64 7WmpC7M3Snqrsq2nYSMJ5KzO2t0zuo7bwUai5MMIXBIg0DIZEIhUIPMNakmBVoHcPlB33NReSf9a4kzNAdPsrKQDA1ZmCbMRfY/mrc7yMlhEg0xXpiJAoJ0KO5UiEEZgSsd4Zb3UdKvEC2kZo/5QN/hnTYjXJX2Uldkw3yuhamF1NpQ09aQmQKBNbcTpb1ICucd4GZ1vruh9njDOS7q6r2z3MtOLkr5GsL0kM g0g8dZ1fY0O6dYLKuzU8Sn6ugFCLTRDzEdTF0g9xgvf9drvptxGUDvMLg9oS8lHm45ZzbBb0xWZxMcdLocTIBAG4yaihCYjkDeMV5WsjL6jIczL7NWaPM671Zu35R0WtKqpO8m8Cd2t83ArVRn/fd3TdJV05kp1OpTgNVZn7qUjUD2f1BxQQCByAQWZnXMGn0ho1vru2d0Y8lvVt8i6eUhq7TDhK2kd3o 5M7V7f3f7p ezymkqqHYuXxpwC1fnGYwbFbU N9Zna3x4NH0WgiwQluLYaKRCEwuMD nvJVTH6HWnavqzkz9xITBdvKO7yzBrQr/jY CB5R55YDLEtxjhNnAAxKyOlZnQ2pTV6oCBNpUR55 JyfQ2XrQ1g9ktSdrpdYafdbD9gNXldsv6laHb6pguK3CPCDMVmEUPLaB1bzMGxMAABUYSURBVFmPuBSNQFeAQMtUQCAhge6pB89mrRZ63FPbK zC7RFJvyFlBuuERqPTVbdn1p1By6UJkY48q7ORDizdqpwAgbZyQ0KDEPArMCjUupqNdHKxpfv8tqJTutuW8ICkj0j6oKTLuxcxBKi6ElWcGbCfthINpBGTC7A6O7khJSBQRIBAW0SJzyAQmcCwUGuNzi2t6Jen2G33AtWv9NR/e8bb//tz2uduJ6vql9te8N8lPcZ5vFUdovLaxepseZaUhMAwAQLtMCH HYFIBbqhtjlgX va7hkdKPkEhCpoupXhQ4Eb8pcE2MDiFaiO1dkKDAJNSEaAQJvMUNNRBHYKDHlRTFbakNG8p5fFGBIEohVgdTbaoaVjFRUg0FZ0YGgWAiEF8m4Tc21wL4s1pG8G2lcbstvUhYA3gfk5vZ2xJ9zuntF1Ef7Vw5sjBSNQVIBAW1SKzyEQucBds3q YXRnXjfdvtrLG/o1fhhHPhHo3sQCRw/oIdPWkzsKsjrTXNXBiSugAAQQ2CFAoGVSIIDAJYHuD K8a1nd59Y9nlfLSCAQhcDROb1rpF19ndlotnRZFB2kEwhUUIBAW8FBoUkITFOgs/dP rOcCxjYgjDNwaHuygvMz q0jNypHNu jNXji6t6pPIdoIEI1FSAQFvTgaPZCPgUcC L/WJT/8VK1 fWY3R d0MfYQuCz5Gg7DoJuF8G21Z/bjrHOfd8Ga01V3RVnfpCWxGomwCBtm4jRnsRCCiwMKcTVvpc1s1irhmdF8asnmDlKeCgUFVlBeb3669lta /gdboCCeFVHbYaFgkAgTaSAaSbiDgS6BzXq30rbwtCJ16Wa31xU 5NRHIfRFMWm62dHNNukEzEaitAIG2tkNHwxEIJ1BkC4JbrTVWLzRX9U/CtYyaEJi gPv  NmmzmW8CMYxXdMfHlqQiACBNpGBppsIlCGwMKtj1ujzeVsQunWs24YeXVrW8TLqpAwEqi7Ai2BVHyHal4IAgTaFUaaPCJQo0L1dbFlWewcV686tbUifXVzRqyVWT1EIVEqge4X0t3c0ihfBKjVONCZ AQJt/GNMDxHwIjDshbGtSgm2XvgptCICOTeCyRjdyi9zFRkkmpGEAIE2iWGmkwj4ESiyt5Zg68eeUqcvkHu7HjeCTX9waEFyAgTa5IacDiNQvkDnDW rrww8CaFbLSu25ftTYniBAWfOrjdXdEX4FlEjAmkLEGjTHn96j0CpAkW3IXQqNTpvjf6Ql8dKHQIKCySQt9XANvQwczrQIFANAj0CBFqmAwIIlCrQeWlsQ0/L6LYhpyFs1btmpH 32NKjpTaEwhDwJND9xe3ejOI5c9aTOcUiMEyAQDtMiH9HAIGxBEYNtlbasNJTz7R0/1gV8hACAQS6Z86 seN6W2lj94xu4CroAINAFQhkCBBomRYIIOBVYJxga4xe3d3QPYQDr0ND4WMI5F5vy1aDMTR5BIHyBAi05VlSEgIIDBBwwXZ9Q8cbRp QtKsIlnuBTEZ/zJ7EIlp8xrdA7qkG0oVmS/t810/5CCCQL0CgZXYggEBwgc4eRKO7ipyK0G3celta2jOjL7NqG3y4qFBS7qkGEtfbMkMQqIAAgbYCg0ATEEhVoHvc1 8Pu3Vsy8dKVkavS3psaUWnUnWj3 EF5uf0U0l7 ms2Vo8vruqR8C2iRgQQ6BUg0DIfEEBg6gLu tCG1R9Y6foRGtNZteUlshHE OhYAvNzOivpQMbDnGowligPIVC AIG2fFNKRACBMQXcn3VtW18e4cgvuVXbhrQsowe5anRMeB7LFRhwRBenGjBvEKiQAIG2QoNBUxBA4G8FuvtsP1V0O0L3ybW29ByrtsykMgQGhFlZoyNseylDmTIQKEeAQFuOI6UggIAngZ7tCB8oeFEDq7aexiKlYgeF2bbVC8 s6lBKHvQVgaoLEGirPkK0DwEEOgLu2K9fbOqLI56O0Lli11g9xU1kTKSiAvP79bKsDmZ93kivL7Z0Q9Gy BwCCIQRINCGcaYWBBAoUWDMVdsNd2GDkb7IXtsSByOiojqXgLT1mmzOmbJG680VXRFRl kKAtEIEGijGUo6gkB6ApdWbaW7i17W0FFi1Ta9yTKkx50XEq3 LOtoru6cWd/d0I2cg8zUQaCaAgTaao4LrUIAgREF3Jm2jbZ c5Sjv6zEqu2IzjF 3K34y pZ437Vyfhy2wzeM6OPEmZjHH36FIsAgTaWkaQfCCDQERjnit2tVdu21fe4jSytiTQ/q/8gM AFL6szzdXs/bRpSdFbBKotQKCt9vjQOgQQmEBgYVbHrNE9kq4uWszWbWQNq /wIllRtfp97q45fcNI9xhpV07rrbF6glvA6je2tDhNAQJtmuNOrxFISqDnwoZfHWWvLeE2rmnSnQe/ZY0 OSDIuk5vWKN5zpmNa/zpTdwCBNq4x5feIYBAn8A4q7auiN5w 54Z/Sn7KesxtTpbUDb1WMPo47mnF/R2xYiXv oxtLQSgW0CBFomBAIIJCngVus22/rthtEnRlm17cFak9XLtqFTrORVawq5l7xMW4dl9LHcUwuym7zcbOnmavWG1iCAQBEBAm0RJT6DAAJRC/SckFD4NrJeEHdagozetFanZ4ye5pzbsNOl88uJ1d3G6KCsrs87rSC3VUZrVnqAX0zCjhu1IVCmAIG2TE3KQgCB2guMuyWhr PrRvorSS xPaH8KdE9f/ifS/qYlf7 iKuwvQ26YBt6YmlZx8tvJSUigEBIAQJtSG3qQgCB2gh0QtOGHpDRp6001sptT2cJuBOM/NYK7Iz0oQkDrGvFhqz wjT0GCvpEwwKjyJQMQECbcUGhOYggEA1Bbort25P5k1j7rnt7Vgn4G5K/4MtCjvHe EmPWjd9oGGPmyt/s6QEwmKTJgNSd 3Ro zraAIF59BoH4CBNr6jRktRgCBKQu4l45sW0cajc6ezb2TNsedoGCkd2S0bKxeaxutpBK8tsKrbWjWWP29CbYP9A/DhbbVf51p6I9YiZ10hvI8AtUXINBWf4xoIQIIVFzg0uqt0QdltafE5q7LaE3SD9XW28bqdHtGP65j2HXbBrSpf2BndMhK7y85vLpLa9dl9UPb0NPsiS1xBlIUAjURINDWZKBoJgII1ENga  tdUdGlR9w xHWJf3c/T t0U M9L 3PuBWetXWhd4HfIfhTt/f1T/utGdGh4zVlVa6zkpXjnzywLDh7gZYY/XSe3bpTzgXeBgY/45A3AIE2rjHl94hgMCUBQIH3DJ661aER/maeMtFocrcSrXVmwTYQlp8CIHkBAi0yQ05HUYAgWkKXAq40kfU0P4y9uBOsz e6nYvcf3E7YE1MzrDFgJPyhSLQEQCBNqIBpOuIIBAPQXcS2YNq1 30odkdK2srpTbFZrGVye8dva/zuiFy42eZ/tAGgNPLxEoUyCV/2CWaUZZCCCAgHcBt5L7M6tDjbZuslY3GKP3W6NfktV7Szg2zHv7MyswWjNW/2/TatWtvBJepzMM1IpAjAIE2hhHlT4hgEASAm5lV0b7XGftpm5vSFdd6rh7Ic3o8m0QIcLwxVMZ5Pa7yuodt rasPpLjs5KYkrSSQSmJkCgnRo9FSOAAALVEzh6QA N0ir2t46ixWcRQMCXAIHWlyzlIoAAAggggAACCAQRINAGYaYSBBBAAAEEEEAAAV8CBFpfspSLAAIIIIAAAgggEESAQBuEmUoQQAABBBBAAAEEfAkQaH3JUi4CCCCAAAIIIIBAEAECbRBmKkEAAQQQQAABBBDwJUCg9SVLuQgggAACCCCAAAJBBAi0QZipBAEEEEAAAQQQQMCXAIHWlyzlIoAAAggggAACCAQRINAGYaYSBBBAAAEEEEAAAV8CBFpfspSLAAIIIIAAAgggEESAQBuEmUoQQAABBBBAAAEEfAkQaH3JUi4CCCCAAAIIIIBAEAECbRBmKkEAAQQQQAABBBDwJUCg9SVLuQgggAACCCCAAAJBBAi0QZipBAEEEEAAAQQQQMCXAIHWlyzlIoAAAggggAACCAQRINAGYaYSBBBAAAEEEEAAAV8CBFpfspSLAAIIIIAAAgggEESAQBuEmUoQQAABBBBAAAEEfAkQaH3JUi4CCCCAAAIIIIBAEAECbRBmKkEAAQQQQAABBBDwJUCg9SVLuQgggAACCCCAAAJBBAi0QZipBAEEEEAAAQQQQMCXAIHWlyzlIoAAAggggAACCAQRINAGYaYSBBBAAAEEEEAAAV8CBFpfspSLAAIIIIAAAgggEESAQBuEmUoQQAABBBBAAAEEfAkQaH3JUi4CCCCAAAIIIIBAEAECbRBmKkEAAQQQQAABBBDwJUCg9SVLuQgggAACCCCAAAJBBAi0QZipBAEEEEAAAQQQQMCXAIHWlyzlIoAAAggggAACCAQRINAGYaYSBBBAAAEEEEAAAV8CBFpfspSLAAIIIIAAAgggEESAQBuEmUoQQAABBBBAAAEEfAkQaH3JUi4CCCCAAAIIIIBAEAECbRBmKkEAAQQQQAABBBDwJUCg9SVLuQgggAACCCCAAAJBBAi0QZipBAEEEEAAAQQQQMCXAIHWlyzlIoAAAggggAACCAQRINAGYaYSBBBAAAEEEEAAAV8CBFpfspSLAAIIIIAAAgggEESAQBuEmUoQQAABBBBAAAEEfAkQaH3JUi4CCCCAAAIIIIBAEAECbRBmKkEAAQQQQAABBBDwJUCg9SVLuQgggAACCCCAAAJBBAi0QZipBAEEEEAAAQQQQMCXAIHWlyzlIoAAAggggAACCAQRINAGYaYSBBBAAAEEEEAAAV8CBFpfspSLAAIIIIAAAgggEESAQBuEmUoQQAABBBBAAAEEfAkQaH3JUi4CCCCAAAIIIIBAEAECbRBmKkEAAQQQQAABBBDwJUCg9SVLuQgggAACCCCAAAJBBAi0QZipBAEEEEAAAQQQQMCXAIHWlyzlIoAAAggggAACCAQRINAGYaYSBBBAAAEEEEAAAV8CBFpfspSLAAIIIIAAAgggEESAQBuEmUoQQAABBBBAAAEEfAkQaH3JUi4CCCCAAAIIIIBAEAECbRBmKkEAAQQQQAABBBDwJUCg9SVLuQgggAACCCCAAAJBBAi0QZipBAEEEEAAAQQQQMCXAIHWlyzlIoAAAggggAACCAQRINAGYaYSBBBAAAEEEEAAAV8CBFpfspSLAAIIIIAAAgggEESAQBuEmUoQQAABBBBAAAEEfAkQaH3JUi4CCCCAAAIIIIBAEAECbRBmKkEAAQQQQAABBBDwJUCg9SVLuQgggAACCCCAAAJBBAi0QZipBAEEEEAAAQQQQMCXAIHWlyzlIoAAAggggAACCAQRINAGYaYSBBBAAAEEEEAAAV8CBFpfspSLAAIIIIAAAgggEESAQBuEmUoQQAABBBBAAAEEfAkQaH3JUi4CCCCAAAIIIIBAEAECbRBmKkEAAQQQQAABBBDwJUCg9SVLuQgggAACCCCAAAJBBAi0QZipBAEEEEAAAQQQQMCXAIHWlyzlIoAAAggggAACCAQRINAGYaYSBBBAAAEEEEAAAV8CBFpfspSLAAIIIIAAAgggEESAQBuEmUoQQAABBBBAAAEEfAkQaH3JUi4CCCCAAAIIIIBAEAECbRBmKkEAAQQQQAABBBDwJUCg9SVLuQgggAACCCCAAAJBBAi0QZipBAEEEEAAAQQQQMCXAIHWlyzlIoAAAggggAACCAQRINAGYaYSBBBAAAEEEEAAAV8CBFpfspSLAAIIIIAAAgggEESAQBuEmUoQQAABBBBAAAEEfAkQaH3JUi4CCCCAAAIIIIBAEAECbRBmKkEAAQQQQAABBBDwJUCg9SVLuQgggAACCCCAAAJBBAi0QZipBAEEEEAAAQQQQMCXAIHWlyzlIoAAAggggAACCAQRINAGYaYSBBBAAAEEEEAAAV8CBFpfspSLAAIIIIAAAgggEESAQBuEmUoQQAABBBBAAAEEfAkQaH3JUi4CCCCAAAIIIIBAEAECbRBmKkEAAQQQQAABBBDwJUCg9SVLuQgggAACCCCAAAJBBAi0QZipBAEEEEAAAQQQQMCXAIHWlyzlIoAAAggggAACCAQRINAGYaYSBBBAAAEEEEAAAV8CBFpfspSLAAIIIIAAAgggEESAQBuEmUoQQAABBBBAAAEEfAkQaH3JUi4CCCCAAAIIIIBAEAECbRBmKkEAAQQQQAABBBDwJUCg9SVLuQgggAACCCCAAAJBBAi0QZipBAEEEEAAAQQQQMCXAIHWlyzlIoAAAggggAACCAQRINAGYaYSBBBAAAEEEEAAAV8CBFpfspSLAAIIIIAAAgggEESAQBuEmUoQQAABBBBAAAEEfAkQaH3JUi4CCCCAAAIIIIBAEAECbRBmKkEAAQQQQAABBBDwJUCg9SVLuQgggAACCCCAAAJBBAi0QZipBAEEEEAAAQQQQMCXAIHWlyzlIoAAAggggAACCAQRINAGYaYSBBBAAAEEEEAAAV8CBFpfspSLAAIIIIAAAgggEESAQBuEmUoQQAABBBBAAAEEfAkQaH3JUi4CCCCAAAIIIIBAEAECbRBmKkEAAQQQQAABBBDwJUCg9SVLuQgggAACCCCAAAJBBAi0QZipBAEEEEAAAQQQQMCXAIHWlyzlIoAAAggggAACCAQRINAGYaYSBBBAAAEEEEAAAV8CBFpfspSLAAIIIIAAAgggEESAQBuEmUoQQAABBBBAAAEEfAkQaH3JUi4CCCCAAAIIIIBAEAECbRBmKkEAAQQQQAABBBDwJUCg9SVLuQgggAACCCCAAAJBBAi0QZipBAEEEEAAAQQQQMCXAIHWlyzlIoAAAggggAACCAQRINAGYaYSBBBAAAEEEEAAAV8CBFpfspSLAAIIIIAAAgggEESAQBuEmUoQQAABBBBAAAEEfAkQaH3JUi4CCCCAAAIIIIBAEAECbRBmKkEAAQQQQAABBBDwJUCg9SVLuQgggAACCCCAAAJBBAi0QZipBAEEEEAAAQQQQMCXAIHWlyzlIoAAAggggAACCAQRINAGYaYSBBBAAAEEEEAAAV8CBFpfspSLAAIIIIAAAgggEESAQBuEmUoQQAABBBBAAAEEfAkQaH3JUi4CCCCAAAIIIIBAEAECbRBmKkEAAQQQQAABBBDwJUCg9SVLuQgggAACCCCAAAJBBP4/vcm0F8VL3sgAAAAASUVORK5CYII=', 'P', 'N/A'),
(9, 1, 2, 12, '[2020-08-19 17:12:45(7)(1:52|2:Canada|3:Miami|4:None|5:Miami|6:Desert|7:Aleutian|8:Chihuahua|9:Yellowstone islands|10:Miami|)]', '1:52|2:Canada|3:Miami|4:None|5:Miami|6:Desert|7:Aleutian|8:Chihuahua|9:Yellowstone islands|10:Miami|', 'P', '20.00%'),
(10, 1, 2, 14, '[2020-08-19 17:12:54(5)(1:lalala|2:lelele|3:|4:|5:|6:|7:|8:|)][2020-08-22 16:10:48(4)(1:lalala|2:lelele|3:|4:|5:|6:|7:|8:|)][2020-08-22 16:11:35(2)(1:lalala|2:lelele|3:sasasa|4:|5:|6:|7:|8:|)]', '1:lalala|2:lelele|3:sasasa|4:|5:|6:|7:|8:|', 'P', '37.50%'),
(12, 1, 2, 18, '[2020-08-19 17:13:15(10)(2:_EE_/____/FACE/A__A__/___A_D/_HE/____HI_E/A_D/_HAD___/_I__/FA__/BEHI_D/___)]', '2:_EE_/____/FACE/A__A__/___A_D/_HE/____HI_E/A_D/_HAD___/_I__/FA__/BEHI_D/___', 'P', '46.03%'),
(13, 1, 2, 20, '[2020-08-19 17:13:31(14)(*Dave*)]', '*Dave*', 'P', '14.29%'),
(14, 1, 2, 22, '[2020-08-19 17:13:40(6)(woods|tree|)]', 'woods|tree|', 'P', '22.22%'),
(15, 1, 2, 24, '[2020-08-19 17:13:48(5)()]', 'ASD', 'P', '0%'),
(16, 1, 2, 26, '[2020-08-19 17:13:59(8)(1|3|)]', '1|3|', 'P', '25.00%'),
(17, 1, 2, 28, '[2020-08-19 17:14:15(12)(be|was|been|take|took|taken|begin|came|stood|come|ate|come|eat|got|eaten|get|left|told|leave|saw|left|see|stood|begun|stand|told|got|tell|began|seen|)]', 'be|was|been|take|took|taken|begin|came|stood|come|ate|come|eat|got|eaten|get|left|told|leave|saw|left|see|stood|begun|stand|told|got|tell|began|seen|', 'P', '20.00%'),
(18, 1, 2, 30, '[2020-08-19 17:14:30(12)(100|11|770|510|div_01|div_14|line_01;100|111|770|310|div_02|div_12|line_02;)]', '100|11|770|510|div_01|div_14|line_01;100|111|770|310|div_02|div_12|line_02;', 'P', '12.50%'),
(19, 1, 2, 32, '[2020-08-19 17:14:51(18)(b|a|s|k|e|t|||||||||||||||||||||||||||||||||||||)]', 'b|a|s|k|e|t|||||||||||||||||||||||||||||||||||||', 'P', '16.67%'),
(20, 1, 2, 34, '[2020-08-19 17:15:05(10)(Bedroom|)]', 'Bedroom|', 'P', '10.00%'),
(21, 1, 2, 36, '[2020-08-19 17:15:13(6)(mother you are)]', 'mother you are', 'P', '66.67%'),
(22, 1, 2, 38, '[2020-08-19 17:15:28(8)(we|go|to|school|||||||||||||||||||||||||||||||||||||)]', 'we|go|to|school|||||||||||||||||||||||||||||||||||||', 'P', '10.00%'),
(25, 1, 2, 16, '[2020-08-19 17:26:03(1)()][2020-08-19 17:26:54(2)(rotateX{13deg} rotateY{-174deg})]', 'rotateX{13deg} rotateY{-174deg}', 'P', '29%'),
(26, 1, 5, 4, '[2020-08-20 10:10:25(11)(1|2|3|4|5|6|)]', '1|2|3|4|5|6|', 'P', '30.00%'),
(27, 1, 5, 6, '[2020-08-20 10:11:02(34)(blue|red|yellow|green|orange|pink|grey|purple|aqua|navy|brown|amber|)]', 'blue|red|yellow|green|orange|pink|grey|purple|aqua|navy|brown|amber|', 'P', '50.00%'),
(28, 1, 5, 8, '[2020-08-20 10:11:14(8)(0|1|4|5|3|2|6|)][2020-08-20 13:03:43(16)(0|1|5|4|2|6|3|)][2020-08-20 13:04:13(15)(0|1|4|6|2|3|5|)][2020-08-20 13:04:33(10)(0|1|4|5|3|2|6|)][2020-08-20 13:04:54(6)(0|1|5|4|2|3|6|)][2020-08-20 13:29:39(5)(0|1|4|2|3|5|6|)][2020-08-20 13:30:09(6)(0|1|2|4|3|5|6|)]', '0|1|2|4|3|5|6|', 'P', '57.14%');
INSERT INTO `libroalumnorespuesta` (`libroalumnorespuesta`, `libro`, `alumno`, `pagina`, `tiempo`, `respuesta`, `estado`, `performance`) VALUES
(29, 1, 5, 10, '[2020-08-20 10:12:12(55)(BLOB)]', 'iVBORw0KGgoAAAANSUhEUgAAArQAAAFxCAYAAACC8ztAAAAgAElEQVR4Xuy9D5Bc1X3n z3dggHiLFCOy8BLLbDIIVShHpGXqjVvEeByXtYVx2UBSUmg1hoyM1dO5TmF/N4a8PNWXl78VnI2NiSbqkR3Zhyc6eHPGpC2vN5d5zkVCbOFN2tbMy1v/GJLAVUcS06caEhYDaDue16dnh65 /Y5ff/fPvfe79S6UovOPef3 /zOTH/73N/5/QT4QwIkYD2BmZmZ67ds2fKklPJun7H7Xdd9wnoHaCAJGAg8sA2HawI7h/5Z4ljrBPx7nQxJgARIwEhAkA0JkIDdBBzHmQfwIIAtGkvPuq57rd0e0DoSMBPQCVoJyJrAnUureInsSIAESCAMAQraMJQ4hgRyJjBwInsXgHG/pyuu696Wlnl7prFLAI9D4ioh8dtLJ/BYWnNzHhLQEdizHQ8LD49r/m2t1cbVpEYCJEACYQhQ0IahxDEkkBOBCEJWWbTe7XZvWVxcPJ2GeUrMQuJpMSCghcAOnpKlQZdzmAjM3Ibr3 ziFd0XN1nD/uUVMKWG24cESCCQAAVtICIOIIF8CMzOzu6q1 t/IKW8PGhFKeWx fn51HIMlah4o4uTwpfWIIBTS21sDbKH/04CSQj03gxIPK0RtaU pXUc52EAHxv4nf8Tz/P2p/UlNUlM CwJFI0ABW3RIkZ7S0lgbm5uQQjxSwHpBcr3Uyqf1nXdVHMLmw0cB7DdD1cAi0ttzJYSOp2yisDebTggBR71G1XWU1rHce4A8JWR3zkh1judTmpvXqwKMo0hgQwJUNBmCJdTk0AQAZViUK/XXwYQdLErEyGr7DPmMAqst1ZxRZAP/HcSSItAcxrnVP62b75SntL2T2d1ucOQUq55nredJ7Vp7SzOUwUCFLRViDJ9tJKASjGo1Wq616yD9mYmZNUie6dxhyfx4mDebH9xKXjL3Mp9U2ajTF upMDu5VU8Wybfxwla5afgSW2Zwk1fciBAQZsDZC5BAn4CIcTsuud5Dy0sLGT6Id5s4BwwciIGsA4oN 2ECDSncR4Sw3nkJd2PjuPof//67ClqJ7QJuWwhCVDQFjJsNLrIBObm5l4QQqhC8qbfv1Pdbve9Wb9u7F/EeWaEpcBaa5Xlkoq8x4ps 94GFiQw4/PhbKsdmJZTSLf7X253A77mEhS1hYwnjZ4cAQraybHnyhUk4DjOdwBj1QAJ4FOu6 ZS 3VvAyclcJMvDJ2pOrYuHkcqpcAqGGK6nJCALu1AAp3lNi5JOLXVjzuOcwDAI4Yvuidd132X1Q7QOBKYMAEK2gkHgMtXh0C/koH/5GkTQKo1ZcNQ3dPABU2ZLlY1CAOPYzIl0GxAfbkb qlCTeRxqUhpl rLNICcnAQmQICCdgLQuWQ1CczNzZ0TQvhvcCsYuYtZdRlMytGSQVN13MDT2WruT5u81lU7qEoJuYD8 oN5vcGxaT/QFhIIQ4CCNgwljiGBhARMNSdVXdk88mX95mtvkzN3NmGU XhaBJrbcBQCqu3z4E9p82j93Ma8zZGe592f9WXRtOLIeUggTwIUtHnS5lqVJTA3N3dUCOH/gF53XXcidV4NgmGl1cZtlQ0SHbeGgOnCYqttvEhpje1pGWL4m6Gm73S73a1ZXxpNyw/OQwJ5EaCgzYs016k0AcdxLsDXVhbAEdd178kbjBILkHh6pPZsSUsj5c2X66VDoNmA578gJSQOLp1ALpcm0/Ei2SyO45wBcI1/FpbzSsaVT5eTAAVtOeNKrywiYCqg3u12b8j7lEWVRPKAX9I0UlBHX7wQZtG qbopuiocAji11DZWCSkdsn4nwW8Bvrq8G56y8kHpIk6HkhCgoE1Cj8 SQAgCjuOcxGh5rLOu6wa1uw0xe7gh/UtgX9A2UVBTsM1tOJAclRuBvdtwQAo8OrigBORyG7XcjLBgoX7 /Yss52VBMGiC1QQoaK0OD40rAwFduoGUcnF fn42D/ a2/CCFNipO5XtrS wPlXDLaxukEc0uEYUAkw72KDVr3ww2gRl459XXNdl7nuUjcWxpSRAQVvKsNIpWwiYqhvkkW4wcxuuf9PDy5BjOixRzNqyVWiHhoCh UclLy Oq2Od5xdkblQSsJUABa2tkaFdpSBgyJ9dc1336iwcVCL2rS72AXifB2w3nspuvL88dWkd7 XJbBaR4JxpENC2wa1weTmK2jR2FecoKwEK2rJGln5ZQcBQeif1V4SqriwkfgUSN40TsX0oHSHxW1W6LW7FZqARkQmYGoBUqXyXH5rjOMcBbNfB5Elt5C3GB0pEgIK2RMGkK/YR0JXdSauF5QMNzNcE3i8l3uFvYWsiwVNZ /YILRpPoNnASMm7qpXv0oha3UXT3jCKWv5GVZUABW1VI0 /cyHgOM5ILU0A 13XfSKuAf06sq2wIra/jhQSn KpbFzqfG5SBJhHqydvqJ5CUTupjcp1J06AgnbiIaABZSXgOM4BYLjskDpAcV03dtmhwIoFGpg8lS3rDquGX7o8Wgl0ltu4pBoEzF6OEbVskVv1zVFB/yloKxh0upwPAUOXn1Ou626NaoHKkRUefs1YR3Z4QimAv4DE5y/dgt/npa otDneJgK9ah1dvOq3SQrsXl7FszbZOglbKGonQZ1r2kiAgtbGqNCmwhPod/gZ RAGcNB13dCtOwMbIgySElgTEs8vtZFLfdvCB4kOFIZAswFdC9hKlu/SBc1xnPOGbmISwJ2u675UmGDTUBKISYCCNiY4PkYC4wg4jnMYwM4hvSlE59ChQ6Fek/bLbx2WwPiC6QLrwsNv8ySW 7HMBAxpB5XrGmaK8bgWuUKI9U6nc0vebbbLvB/pm50EKGjtjAutKjiBffv2nZdSXu5zI1S5LlW9QAAzIcpvrUzVsZMpBQXfLDQ/kIAp7aDq1Q4GwY0TtQDOuK57XSBoDiCBAhOgoC1w8Gi6nQRM6Qae5 1eWFgw5vyFTi8QWJcCH19eQexKCXaSo1UkYCZgqHZwttUe0wmvYkD7f3te2eibMvJz0nXdd1UMCd2tEAEK2goFm67mQ0DXHUwEpBvs3YYDnsAjAaeyHQF8jjmy cSRq9hFQP2OSDFSNQRTddzAtxQ/jNXs7OyuWq32tE7UskatXXua1qRLgII2XZ6cjQRgSDfQVjdQr1Lf8PBlITGu8oGExIutE7ibeEmgygR0TRY8iSNPncA9Vebi991QMnBzWKSLqeRKAkUhQEFblEjRzkIQ0J3OKsN13cH6eYHfMtxO3vT37FQd7 YJVCHCTyMzJtBsQNf2db3VxhUZL1246efm5haEEDMaw1mjtnDRpMFhCFDQhqHEMSQQkoCuukH/0ZHuYM0Gzo2pK9uRNfxL5smGBM9hlSDQzzP/it9ZIbBjaRUsTeUDM65GLct5VeJXplJOUtBWKtx0NmsCc3NzR4UQd/nWOeu67rWD/23PNL4zJs2Ap7JZB4rzF5ZAcxrnITFSQaTVDihxV1iPkxluaPAClvNKxpVP20eAgta mNCiAhPQCVp/uoGupmbfZdXh67O89FXgDUDTMyfwwDYcronhGs9shWvGHlSj9tChQ0zXyHzXcoE8CFDQ5kGZa1SGQJCgNd3UVoBkDfuZYlCZrUJHYxJg2kF0cCznFZ0ZnygeAQra4sWMFltMYJyg3TONXZB4WleaSwCLPJm1OLA0zSoCurQDVjsYH6Jx5bwAsEatVTucxsQhQEEbhxqfIQEDAZOgPf n8783RsyeWmqPLdtF3iRAAgMEdGkHEFhrreJqgjIT6IvaZ3QjWKOWO6foBChoix5B2m8VAa2g9d766vk/ffKnBbBlxFh CFsVPxpTDALqbYeQGBFmrba2Q1YxnMrJyjHlvFR5wcX5 fnZnEzhMiSQKgEK2lRxcrKqE9AJ2s5f/9lbb/3FS5dqxOz6VA23sMZs1XcN/Y9DoNmA5  GxTz0cCTHlBdEUIvucCtwFAnkT4CCNn/mXLHEBHQfFBe  3Wo/w39CFDMlngf0LXsCTQbOAPgmsGVmIsenvu4GrWe592/sLDwbPjZOJIEJk AgnbyMaAFJSKg6xSmEbRSCty/vAp YJQo9nQlXwLNbTgKgeGazxLH2CI6fBzYeCE8K460nwAFrf0xooUFI A4zsUOYPLN1/HGn30B8s1/uOiFkDi4dAKPFcwtmksCVhGgoE0ejqAatZ1O55bFxcXTyVfiDCSQPQEK2uwZc4UKEnjo5277nPf33/8X3b//nt/7s602hrqGVRAPXSaBxAQoaBMj7E1AUZsOR84yeQIUtJOPAS0oIYFmA eBkfaccqqOG3kJrIQBp0u5E6CgTQ95QOOFM67rXpfeapyJBLIhQEGbDVfOWmECpta2vLBS4U1B11MnQEGbLlI2XkiXJ2fLnwAFbf7MuWLJCexp4MJIzVnWmy151Ole3gQoaNMnTlGbPlPOmB8BCtr8WHOlChAwnc6yPqY5 Hu242Eh8TFIXO4Bzz3VxlwFtgpdTEiAgjYhQMPj4xovsEVuNsw5azoEKGjT4chZSKBHgKez0TbC3mncISW MvgUUzOiMazqaAra7CIfIGqPuK57T3arc2YSiEeAgjYeNz5FAiMEeDobfVPs3YYDUuDRoSdZSzQ6yAo QUGbbdDZIjdbvpw9fQIUtOkz5YwVJdBs4GL92YsImDs7djdQlFT0lyUFt7l3UoAYMIXjOMcBbNcNk1Iuzs/Pz2ZvBVcggXAEKGjDceIoEhhLQPfqXD3A3NnxG4eihL9YcQlw78QlF 25Md3EQFEbjSVHZ0uAgjZbvpy9IgSaDehOMjqtNi6pCIJYblKUxMLGhwBw7 S3DShq82PNleIToKCNz45PksBFArrLYLzcFLxBwoqSmdtw/VsX8MFuDdtqAlv7M9 sKiMErzJmhMCK/19FF4cv/rc6vrG0ipcSrcGHMyEQdu9ksngFJ6WorWDQC YyBW3BAkZz7SOwZxq7hMQzfsum6riBXcHGx0snSqTASeHhhKxhm5D4MQBXWRL1NWWHAF6RAq8JiZc9gdXlVTxriX2VMkP7VoQXCjPdA NErRDi6KFDh96TqQGcnATGnk8QDwmQQCIC2pv6vAwWyHTvrfhVr46PCHnxxDXwGRsHSEAKgbPw8FVRw2d4optPlHTtpYXEwaUTeCwfC6q5yjhRyzq11dwTtnjNE1pbIkE7CkvggW04XBPYOeQAT4p6OHqX5Tx8dOC0Vf1nW05cs9lzAmekwG8ur CJbBbgrCoF5c0uXvWTEAI7 IUi /1BUZs9Y64QnQAFbXRmfIIEhgj0Ol15eJyCdoNAT2x4eBIS/xRImONa4L0mgY4EnmTns/SDqP2dA3gJM33UxhkDcmrXPM/bvri4eDpHk7hUxQlQ0FZ8A1TNffVBCIlf6edmqoTIoUtBQxeCACx9E78ThlFzGucgL548doTAe6p6UqR7FRyGYeAYgV4OKzysqv8jBE56NXwz8DnDgFoX75TA7UP/LHAlBG64 N8krtxIm43/o4StkPjC1BbsZ051fI6DT reigjg1FK72Okr6dDJb5aAnNr1TqdzC0VtfvGo kqJ/lBXHR79Lx6BPQ14IqFAAbAO4M0R7yUugUBN 28hUQ1eOLq0jkNFE0CGk7OQ3l8c1hHAaSnxXVnHkZrE1yb95UCdOr8h0Wv3KbrYiU3hG0Hw9nNtj03V8GDR4ho1gFmPZ4WDrAmHnz gTa70PO/ hYUFXpwMj5QjYxKgoI0Jjo8Vj4D28pblbvRO9wT Rl04KsIJnzaf2MRYYB3qSwCwZWhIwfKP 1UuVPveW0d8MfiuKjnUgIcmLdQt3/5a83pfLro4KQq b4rI3mRzkKiVUn6WXcXKFHE7faGgtTMutCoDAimdHmZgWbgpN0/4WquwtjSOKbfRk/gPoo5jytPLBA5vnlCW7aSt96Wphg8PpJ8Yg1uEeIbbmfmO0u4ZduXLNwia1RzHOQDgEVOKjpTy8Pz8/L0TN5QGlJYABW1pQ0vHdAR8ua5FhbQ2Vcd2W19bR8knLpug3dxQStjXPPxvErgpxCZbn6rjFlvjGcL 3IaYWkyDZfJyi8G4hWZnZ3fVarWnTaJWCLHe7XYfYgqCFeEqnREUtKULKR0KIqA FD2Bn1bjevmQmz/ C0HAVOJOVEHGxPx3dboHgfttLeqvXsND4Nqg0lVlFbSbYVV7DRJPBgpbgTOtVVwXcztU5rG9DZzUsFR1gO9k oYd22BmZub6er3 rTEVTmS3272Rl8XsiFeZrKCgLVM06UvqBHrCTOLpkYtkAmtS4NfTXnDgwlFgW1clamsSnypyIfmqdHvqlTLr4HMQuNP4SraG/UFfANLeb0WZb6AU3N0jNhcs57oozJPY2Re1XwVwjWGeI67r9i5Z8ocE0iJAQZsWSc5TOgK9k1yJF3VVEQSwuNTGbNZOh3l1nZctWfiqSwGRJRZ2A8L2Lg3PtVYbV2fBuchz9r9UtkYugW04JafquJHpGnZG2HGc4wC2 62TUh6bn58f/XJipxu0qiAEKGgLEiiamT BZgPntF2tBNZbq7giT4v6l60 Y8xNy0lgp 2zroyaFNhtaypFWv7vbWBBAjMjH/QlFvNx2BnfkGxOluHprPry8dYFfLBbw7aa6Ne3laPizOiXxJ8UoTJJnLhEeUYnailooxDk2LAEKGjDkuK4ShHol2J6ZsRpgfWp2mQu8PRfu37LlNdbtJNaU/vSVjtZI4OibFTDBUWe0vYDGChmU/xiuSleZb1Xa/hmKfEOw4lw1O1V Qt/c3NzR4UQQ28kKGijbiOOD0OAgjYMJY6pHAHD5ZPOVB1bJ/l6M0jUFul1vbbEV4oixfZNa6qLXKQYZsU4SMyqrmCX1vHeJL L/fSPxyHwvoxbNK 02rgtK1a2z0tBa3uEymMfBW15YklPUiSwp4EL/hMam05ADYIbtlc/GAyRrsJBpPalR47sQrf7OKS8CsBv4xd 4bEUt0AuU/GUdhSzsXGCGiqwLoCfTVrRICAvN/XYV/lLCgVt6tuJExoIUNBya5CAj4Ap3WCqjhuSnAilDdokalVr3iLUNW02cMZ/C9qTOPLUiY0Ws2N/NsTscL1LIXbg3ntfCnrUpn83NfuosgAyNU5QYjaNdJ9xlz0z3BuVTSWhoM1wV3HqIQIUtNwQJOAjoL2wY2Hh9rHpBxlelklrw hOwUMJuRdeuANSvjhyQU6IU7j33q1p2ZfXPM1pnNfkRZ9ttXFtXjbYso5RbKYkZpWfzQbOh04x2GjP/Bok/nzjgBgve3V8fxyvfum9kSoWofa2LYFI0Q4K2hRhcqqxBChouUFIwEdAd3IISwXiOFErBHYkfTWb1eZIdCHs ef11SeADoR4HVL AEI8VJTTWlPFA9veCGS1Fwbn1dYlBlJrnGCYf9OEjgBOdyVOqDbNSWoCNxu4AGCLj1klT2kpaPP4zeEa/S cBEECJDBIQFtKyuJySqYUiUj5qDlvgdgXwjZOZ78Sylwh1uB5K6jV/pXt4lYngITEwSI3zQgVo4FB/dzZV0bqPqf0ZdJ0CU/Vsk2705jpS4rNXzKjxivseArasKQ4LikBntAmJcjnS0XAJA5tLyVlyju09QM09oWw5547ACEejbjpJKT8lM2XxqrSMW1c3AwiMJXGCUax3FOz2dQ91n5JAU4ttfs1bSNu4qIOp6AtauSKZzcFbfFiRoszJPDANhyuCez0LWF9PmP/Ff4r/rxSW09pdRfaQl0Ie/75owD8 Ylr2gYYw0GUAG7EffedznD7xJ5a 4UkpZPJ2Ebl/KAhtzWVklemJimh9lxMDjqBrqqQXFaxzmYUtDE3EB LTICCNjIyPlBmAroySll 6KXJUieKbP0Ajd3yVi9ojwGYDiFqF3HffZm3K44T06oLWlNOdRqnp6bX/wAy/aI65ktmLm2z4 zDLJ6hoM2CKufUEaCg5b4ggQECzYYq5eo72svolWTa4E0foDZeaNNxDnUJ6vnndTfUj C   7BRimvX4YQd0JK3d 2Y7jvPiv7x1dd0BrKl3VabVyS5PdkTKpBKqkMQbbp3kRIoLOc0K gdW36dwpam6JRblsoaMsdX3oXgYAqGSQl/BeOZKuNWoRpJjrUdEq7bJEPsSscPP/89QBeHQGsqz/7wgvHIeV231gK2onuTvPihgtbiU9QTVUN8rpwZ8rJr1IJLwpaS3/pSmgWBW0Jg0qX4hEw3Lxfa63i6ngz5v UQZSr pnWvOaMzfnzn38YtdrjPqod3Hff6CmeKTWBJ7T5b8oQK2ZxQm1qWpF1qoHfXV16ja257SFCFXmI4ziHgZF7CSuu61a2HXBkiHwgFAEK2lCYOKgKBGILLcvg2P6aMzbn558f/WA0NVOgoLVsV443R3tCm6CZyZj2ubmkGgx6ayoXFirFplBR1BvrOM7DAPxfRNdc1y3MQUEJwlAJFyhoKxFmOhmGQGyhFWZy3Zjnn1 AEPf1/qnbfQ6/ Itzcaca gDVp05Yc0obm3MUkRplbBrQE86RxQllQpNyfTztdtPNaXwPcrTT2qQueDYb8EYqkFSkzjAFba6/SpVejIK20uGn80NCsIEFCcz4qKRSNmiE9HPPnYEQ1/j  xl43m/iF3/xiaSR0b3mBGBFpyIK2tHoVl3QKiKGuq2RU2UMpfdU39qJpQ8Zcnmz duS9I9Hys9T0KYMlNMZCVDQcnOQQJ9ArqJCf1t/MxYdeN6TSU5sTfmDaZRBSrphYnOOcuoaZWxSh1J4PjaTFNa2ZQpdqkzUfFeVQ 5JvDjSbSyDbmBRuKWdUhFl7UmPpaCddASqsz4FbXViTU8DCOQqKl54wTOUlhq0UnW4OgYhHozTEKA5jfOQuHzIbQuK9cfmHFakbpTvagHY4gu5tVUOtGLOgljl UfD2MJZYMfSKl4KY4tBFCOvqgYmG02XNW3vQBiGedCY2dnZXbVa7RnfuI7ruolKsgWty3 vHgEK2urFnB4bCMQWWnGIKtHleU HELVqdlUb9xSEeAj33hvqg109lKs/ERjEtiuMoFV5ycAv fMV  ZZK2j3NOD5TxUnLcIihDS1oUnaxZpEIwArXu1r82gjiPXUIE9gIsdxRup7u65L/TGBWJR5SW6oMkeXvkUiEFtoRVplYPALL9wBKT8J4J9pThNNs54MK2xz9yckh9h26QStECuQ8j8BeB k/EkIMXwiPWiT5 1PIz85pJuhhxk6WRWq/nFoZwMGmvJfw6TKGDh2purYungcQy2PVRWEt7o4LFU75KAfgXUAfy6B319exbNBw03/Hrs7XtwFLXqOgtaiYJTYFAraEgeXrkUjEFtoRVtGP3rjZFFVPLgq5HSBwnai/oxxIrZd hPacLiU8L33XivrXupek1epTulgAI3d7oD1qTpu8QvTwWf3NHBBjKaZjJzONrfhBSmwU5NnG2YvrUmBD8cRts0GzgAYughqU33oMM7HHeM4zkiVBwA7XNcN/cYp7tp8rjoEKGirE2t6GkAgttBKk zzz5 LIGrVykZha4U/Gjax7XruuQMQ4tGIuNchxM9GSdWIOH/i4Uw3GEZorFIwpkpH2I5ce6bxHSGxNUnQJCAvq PGceJaN3/sfZ/EWEuedRxH93dtv u6iSu6WOIizbCAAAWtBUGgCXYQsOID5/nnR3LNQtBRz3wW9903OzjWCn/SFLQbKRr 1sRmPKrpgpTvjXOhLgTzxEP23opf9er4iEZgVTLdYGjv6i40qmRygZPLq3iXH76hisB6axVXbI41id44gYxTz9bW38c4/kd9xiBoD7qu 1jUuTieBEwEKGi5N0igT2DiHzgbt/OHbwMLoSodvAgh7gy4QCZ7YwYujU3cH8POSmTXCy8ch5TbAzbtOjzv45POl 3laV7AB1HDNVLgdiFxZT9ncwrwVZ8Yduhsqz3aFKBKv6h98fm04XLfSPpBmD1lyLGNhVUCneU2It3SD2NjLGMK8NDc3NxRIcRdg6ZKKY/Nz8/fXQDzaWJBCFDQFiRQNDN7ArEL/qdl2uc//zBqtZEWkbjvvo0WkRt5th8ac4Fs6Ba/rR gie0azaXtQIjT8LzPo1b7Yt7pBUp8SYmfqYneq ybIXt50ObLaQH7Rdawf3kFlX8Va2oZ28c3JGqD9pSKESSeHsmbFVA5sb8 LiSyi7tqAjv9Y6LGKcjGtP6M2DiPTtCq6hOu61qZ124jQ9oUTICCNpgRR1SEgPWCdjMOZmFbDUG7Ie6vh fdg3r9a3kK2E3xKgTuFhL/UxLhavi1qvzp7CCXgFPVdSnwkLqgNU4sGsWsSmEI eXB0HlvvdX YUpD0J/JKgtaNlcI2h389zQIUNCmQZFzlIKALsdOXQBZbqOWi4PPP38Y8J0EmW7nh6jJausHqKGLmZVCTuW5yjrugcR2CVwZ82Z82O2zMlXHzqiXjcJOXtRx40St v2EwP1CQl0WHE5FkTgma/g97cmsghGhFa6p816UKgW2/j7msS8MzRWk67r5/G3Nw0muMXECFLQTDwENsImAtvi5xMGlE8j 8kIIkdpjpU4ngZeBkTzLQpzQTvwkfMyG632p8bALAu JWG0izjbuAPiBJ/HVeg2fDtsNK85CRX mL2q1DTN6onYj2Xb488zD78kaPqz9EiKwPlUbXwbMz0xbRzZCxYMqC1rFUleLttvt3rC4uDhUI7joe5X2T44ABe3k2HNlCwnoakUCiPRqMbZbYQStErNSfsvQQGBxsNKBrR gOkEb55JNbM6 B/c28K9VYwYP2KapY5psGYG13gQeVtX/kXUcUf XObLRsQZcFBuZUEi8KQXUBbzhnxhiVk1gOqWFwJnWKq4L8sjW38cgu9P6d8dxzmtSdFjpIC3AnMf3jZZASKDiBIwfWhLHWieQ7Y3cMILWdMt/oxrCjYMlqmz AG02Nk7VBn/C5jOmsUV7eZXAJyFxUwppBOq192tKtAqBk14N313npMAAACAASURBVLxM4DBTB9KI1PAcfVHbCuqsJyWkEJrPt5hidtMKwxdehCnjZfPvY/qRGp3RcZzjI2khvBiWB/rKrMET2sqEmo6GJWB6tVgTuDPT18JBglZfBWHTrSO47757Bn20 QPUIAzWWm1sVHTI4GfvNO6QHj4qBT6Q4CT2onhVp60UrhkEKmDKXjcxD9 CjFxJQk7FaIgwaM6YTmZKPS8utTFUC7oov495RHFubm5BCDEzuJYQYv3QoUMXawXnYQfXKC8BCtryxpaexSQwpgB7poILekGrSlK93nNFyisNdTmHcmcvniZtw1EIDNV RB4nzSG4m0oyZXFKq1IKpMCDkLFqu6qT5O rPFdRwzNxWp6GwMEhEQn0heVX/a1kx00jgXPqNF5I/H6SnHjj3g3Ip7X5C2ZE/LGGO45zB4CRxijMo42Fkw9pCFDQcluQgIZAswHd67HQZX5iQdUL2qCptGK2f4r18oiIs0TQKqcMpZASf2lQvq938YmawPulxDWRUwoE1jwPRylgg7be5P 9LxLvNHzRMxqY9IuT6e/DuNSDqgtaFYx9 /ZdkFJu8QWGebST/1UqhQUUtKUII51Im0D/BOikJlcvseAy2vrccwcghCo/FPZn7WLThYEn rZ/S1sj1SJBm0YppEFQKqXAA/4gZl7sWQF88dI6foO5r2G3nz3jejnRAtfCw2c0zRM6kPCLqMS/x9q0mTG/XxS0vUoHuoOCU67rqqYk/CGBRAQoaBPh48NlJmCqf5n0dMfITFUwEOKVgBa3m4 vA7hl8BLY5j80GzhnKjmVme0xN4IhX7lzWR1bwwrLnjCW FjklAKBNSHxPEVszOBZ9pjxC5LEv5UCH/Gbm/R3IapAjTreMrypmOM4zgGgVzN48Kfjum6kNsKpGMNJSkeAgrZ0IaVDaRJoNnAh11PaI0d2odsdf4tbNVuQcqdBzGpTJRQTAZxaavfas1rzYxIhUuDk8ireNc7QXm4s8MsR68Wq07r/Imr4RKYX/KwhXB1DtLmt/eYJWaS3RBWoUceXMXIzMzPX1 v1VzW 7XBd96Uy kyf8iNAQZsfa65UQAImwRWmTE8id5WwvXDh2pE5arXDOiGrxjW34WUIvFuzrhTAZ8fdwE5ka8KHTaWQdKI2ZqUC5f9fQOLzSS4DJXSTj2dMYGz7W3WK7 FxvwlJfo jCtSo4zPGNbHpHcfRvUE64rruUJWWiRnIhQtLgIK2sKGj4XkRMJzuBJbpycu /it3VVP1R3RrJn21mrUfPZEq8aLuYo9quCCAjSoP6BXJvzykPT0R69Xwu2xiEJJYwYcFCca0f4 D1vPjjDq 4OEwmj83N3dUCDFcfQU467ru6Bf4skKgX5kQoKDNBCsnLRMBY7MF5aTAGXj4qpA4ijq kedrbHX56w0PXxbSnEYggR8st/EO2 NhyleOYbcSwJ9jXmwMcgV/RCsY0e/UpqreCfxA97uiWudeFqM bVSBGnV8wcNhNH92dnZXrVZ7xjdAuq5bK6vP9CsfAhS0 XDmKgUnYCrTY3JLfUgK4LWxbgusDP676OLw5v9/6Zv4nXHPqnxBT CRwJJUFlU1CNoCURkPzSewLiSesjWtIsh3/ntyAg9sw GawM6AmVRd4ZHPvTipB1EFatTxyYnYO4PjOJ4mDizfZW/ICmEZBW0hwkQjbSCwt4GTErhpAraoigZvqnWlRK0GvE0KBJ9mCHQFcHeep8ZJ2RhO2cZNe1bW8CmmFSQlX/znx75J2XRP4hgEbtY0ZFhvtRGpY1VUgRp1fPEjYvbAcRxVEtH/t3TFdd3byuw3fcuWAAVttnw5e8kITFDURiJZF/i/P7eKX4v0kCWD 8LkEWMXKIF1z8OX6jV8ukhi3RK8pTbDlCd70WmJY6rChZSjHaukwO4oneCiClTt344CvUFJc Po2uACYPmuNCFXcC4K2goGnS4nI9B/tfnzmnJeySZO6WnbL4FFcVOJ28HxPImNQq aY1WThZrE/6N5m9IRAu9RX4Ka0zgP6btgGFFcRhW02prLNeyv4p42le/yPG/3wsLCs9XcufQ6KQEK2qQE XxlCagPTulhd11gmxR4OySujNqCM214AlhkHmnaVDlf0QgEic2gfw/jb9Q59jRwQWC4Y1nUU EwdhVljOM4ZzRvYZh2UJQAWmgnBa2FQaFJxSfQq0AgYayrWOvinRK4fcjTGqbV/18CNSHxjyJS6AiJ32Kd1YjUOLyUBILEZtC/h4ESdY5mQ/1qD/ 02qMX1MKsXYYxTDsoQxTt8oGC1q540JqKE2hO40 kxF0hqhf8vazhCQicg8SZKLl/FUdM9ytAQNvhbyClIKoY1SGLMof2wprAems12kW0MoVuTNcwVjsoU6Bz9IWCNkfYXIoETAT6Zbj D/8rSc14KSQ xZNY7iUS0BPQtsDdyAW6mI4TRYyaODcbOO9v9GEq/2UoKXa21UalmwkY0g7YZIG/3LEIUNDGwsaHSCAdAv0uWV8AcFXgjBLHprbgQ4vHcTpwLAeQQAUJqLx2SDw98obDdxqaVNCqlKI3u3jVj1gI7NBV3tDWWI54Ca2M4XQc5wCARzW 7XBd96Uy kyfsiNAQZsdW85MAkYCvQ9ED09C4u4ATBISL1LIcjORwHgCRjHrO51VsyQVtIbOdp1WG5forGSFA3Ps9u3bd0FKuWVwhJTy2Pz8fNDfRv5KkMAQAQpabggSyJlArxSVh38TIr1gZaqOnTyRzTlAXK5wBMaJWWhyVYNybMcBGNOlb6XVhrYxgO5CmOk0t3DwExo8Nzd3VAhxl28a2e12b1xcXOTbqIR8q/Q4BW2Vok1fJ0qgfyr7MmRA3pzAmgA wKYBEw0XFy8QAa1AVfYLrE/VcMvgl0JTR7EwJe/2NvANCb1oNdV/VmJbSDzjF2ytdohufwWKQVxT 5fDXvGXPOQpbVyi1X2Ogra6safnORIYc6ozaEVH1vAvq1hoPcdQcKmSETAJVAnIGnBwqY2PD7qsvaAVUHGgn v R/5LYBfnFVhrreJqHVptesKY8SULTyh3DK1weUobih4HbRKgoOVeIIEMCYQ8le3lybZOBObTZmgppyaBYhIwVBDQObMO4E0JvG0k3WfMBa2x6QyGU DBxXkhLHhfOY5zB6BpR8xc2mB4HDHwvZIwSIAEMiHQz5X9zNiaskwvyIQ9J60OAVOZrkgEDIK21yCli1fG/A6fnarj3ePy3HUXwoTEQZbeG46Q4ZRWDWLFg0ibubqDeUJb3djT8wwJqAYJARUMWE82Q/6cujoE iW0TsLXVjYKAVP a7OBc6aSeqaas/51eSEsXCTG5NKuzc/Pa9M5ws3MUVUhQEFblUjTz1wI9D9cVwLqygae6uRiLBchgZIQ6F28An4fMkQ951GftdUJDKW51NMdKdAM052PF8KibTBDxQM1CbuHRUNZydEUtJUMO53OgkBgrh3AU9kswHNOEugTUJe3IPGgBP5nCNwAibeNObntCInf0r36H5NqIKfquDFsKT1eCIu2NdUp7ZYtW07669KqLxHdbncry3hF41m10RS0VYs4/c2EwJjTnI31mCubCXdOSgJhCfRy2vs/NYmvmcri9asm/JruLUvU3FdeCAsbnR OG9M9bMV1XW2d3 ir8IkyEqCgLWNU6VOuBALFLFtc5hoPLkYCcQn0y3N9xfD82VY7oIa070FeCIsXCcdxTLnL 13XfSLerHyq7AQoaMseYfqXKYE90/iOkNhqWETKGj7KurKZhoCTk0BqBEw1bQFESjXYNGhPA56/QoIU2B0m/zY1pwo4Ub M14v ZgtMPShgMHM0mYI2R9hcqlwExp7MajoUlct7ekMC5SNgErRhKxoMEulfEH3VT6nVBj93Q2wdx3EOA9ipGcrUgxD8qjiEv1hVjDp9TkxgzEmO rQ6dWkd7w17cSSxMZyABEggNQIjaQIxU4a0fyMCOpKl5kRJJnIc57yhOxtTD0oS4zTdoKBNkybnqgSB/g3okyPdhjbej51aahtTECrBh06SQNEJ9CqWCFx7mcDhuF9MDR3MIufhFp1lEvtnZ2d31Wq1pzWpB2yLmwRsSZ loC1pYOlWdgSa23AUAnf5V6CYzY45ZyaBohHQ/p2IedpbNN/TtNeUeiClZMOFNEGXYC4K2hIEkS7kR8BYn1JgrbUKdrPJLxRciQSsJqCtcAAsLrUxa7XhFhpnqnogpTw2Pz9/t4Um06QJEKCgnQB0LllcAqaLYEJgh6muZXG9peUkQAJxCegEranFbtw1qvKcqS1u3392EavKRgjwk4KWG4EEIhBoNnAGwDWDjzDVIAJADiWBhAR6l60kPgaJyz3guafamEs4ZSaPNxuQ/on5xTc asdxVGOMxzUzSM/z7l9YWHg2/ux8sgwEKGjLEEX6kAsBUxke1pXMBT8XIQHoGh8IS1/j6wQtS3Yl28Rzc3NHhRAj9xdYnzYZ17I8TUFblkjSj8wJGEp1dVptXJL54lyABEgAe7fhgBR4dAiFhRetDB3HZKuNGsOYjIDjOCNvydSMQoj1Tqdzy Li4ulkK/DpohKgoC1q5Gh37gS0H6YAy/DkHgkuWFUCzQZGW6JaKGgNNWh5cTSFjdvPp/2Wrj4tRW0KgAs8BQVtgYNH0/MlwDI8 fIOu1ovFaSDxyHwns1npMAPhIcTU1uwP24d0bDrc1w BAx1XSEkDi6dwGP5WBFuFQracJzijhrTGpcntXGhluA5CtoSBJEu5EPAUH92pdXGbflYUJ1VBi/ BHktgbfpmlxsPieA45fWcQ FbRBJe/99TGc K1N dOKbl0fT3V9jmi6ohdSFvI 6rvtEuqtyNpsJUNDaHB3aZhUB3YeqVH84BU5JiaN1gc xdFfykBnyDxNNrOJUk/iUbSd5iZyqyMNqP3gSL4peI77hH1vLYPFtTj6bM0DUKiOOd7vde5hXm088Jr0KBe2kI8D1C0NAtcMUEs MM1gJJwG8BoEVIfEyPJxd iZ pzBOWmDomNO4xNbxtDYxwtwn0ObNblhh7dsRXXk/T LIUydwT 4AS75gCFGrTmtXAPyq67ovlRxHpd2joK10 Ol8VALNaZxX9S jPjcwfi3Bs6V7VFdHNEtB2we4LgUeWl4F61ZavqNMjUxgeWe PQ14/hNlW0 TLd8CocwLIWp786hLYwD q5TysOu6PGgIRbc4gyhoixMrWmoBgf4p7dPqb6MF5pTCBF0dUV2XpRDOdgTwOa GbwoPHwIwbYpTLwUB CzbkIagOsEhhtPZzlQdW23NiTa9yWEN2mw3Ur/6gTqJvSrkSurk9qyU8qtSymfZmCEkNYuH8UPZ4uDQNDsJqJw SDwpgZvstLBgVhnKLilhAIFrQ3kjccZ/4trLxQW AGn gJMCJ5dX8a5Qa3BQrgRMjUwgcFQA/8rWfHVDNQaW98tp9/SbL9wZ49ChA BVAEe73e4nmXebU8BSXIaCNkWYnKpaBNQH7lsdfFgKvA8CN4wTTtUiE9HbjOuI9gXGB42ntRS1EQOWz/Cg1JPNfHUBvCIlXhUSR1HHNyYtdJsNnPfXSGX bD57ZnOV/mntHwP4JzGEbW8alZ7ged5/FkJ8hrm3 cYv7moUtHHJ8TkS0BBQp4o1if9VSmxFrffKeyphzm3ZOXeEwHuyFiG918DAH5hiwZNa 7ZZkKANsHgNAipf8s/h4VxeYteUbiAEdmS9x 2L4OQt6gtbVbrrn saMYS1kOI2LKnJjqOgnSx/rl4hAupE9w3JW86DIV9eQW51Insn6l38sTFVJOOT4gpt9dRcTeESps4WJXTf7J3sCrwmujjs1fH9NC4J7m3g5Mj ElhvreKK1KBwolgEVDMGKeWDQoj3A3hn3JNbAKr17m yxm2sMGT6EAVtpng5OQkEExhsIqC79R88A0dEIWC8Oa qsQvsTkPYRLGHY80EAr EpAxPAupi4euDYjdsGoOpfrLu0mPKZnO6GAT6lRF2A7g7wkWyiytJKdeEEL9OYRsDfkaPUNBmBJbTkkAYAroPQX4AhiGXbMwYUbvWauPqZLPz6bQJWJKvvtZrqQx8V3eqqz2dBeRUHTfaWpEh7TgVeT7HcQ4AeJ8Q4lYp5ZYIvhx3XfenIozn0IwIUNBmBJbTkkAYAnu34YAUeHRoLF99h0GXeIyhlbGqx7bIcl6J8WY Qa/aiIf3S B2IfDjUuDtk7iYuXmqqz3l4 9y5vsgiwVUegKA/z1s7q3Kse10OrewMkIW0Qg/JwVteFYcSQKpEujl1HZxUgDDpwH8EEyV87jJdDma6vb8ZTxVyy0GaS 0mate83Br73KmwM0QuAwSVybIm4xjJk9n41Cz7Jl 7u0na7XaPxt3cqtE7aFDh5grPcH4UdBOED6XrjaBZgPHAWz3U2BHofz2hfEmPb9U5BeEnFdSMa918U51sguBK/sl91IXuyzVlXNgc1hubm5uoVarfcgkbKWUx bn51VOLn8mQICCdgLQuSQJaFMNFBbLW3qWMXLNRu/W8jV 31hqqYzR1vukTT/ZKPv1Zqw0Bv4el3rzOI5zGMBOjZOy2 3eyNSDyYSfgnYy3LlqhQn0Uw1e8fd6V5fspcD9vGWfzuYIWz2ifzHvRf/raAGcWmpjazrWcBabCWgF7cAp/WYag zirppqorLRSEV3qqvaqa5O1bGTF8Fsjnhy2/pVEp4ZecMm5eL8/Pxs8hU4Q1QCFLRRiXE8CSQk0JzG9yBHW7ryFWVCsAOPR60eYbwgxoL46QXF4pmCBO040y 2aNa0X7bYZZqWAgHHcU5itAX6Wdd1w7XsTsEGTvFDAhS03A0kkCOBMd2P2Os9xThErR6hTuDe7OKVkUtDzKVNMSr2TpVE0NrrFS3LmoDhlFa6rlvLem3OP0qAgpa7ggRyJNBs4JymvA9vQ6ccA 0peIA41YkaVfFguQ1 OKUcH9umo6C1LSLFscdxHM//RdjzvN0LCwvPFseLclhKQVuOONKLAhBgJ6Hsg/RAA/MCeHCkFJpaOkDQ9k9pX/VbKSQOLp3AY9lbzxUmRYCCdlLki7 u4zi6Q4r97CCWf2wpaPNnzhUrSsBQpqvTauOSMEgGLzmNjJf4k6kt2F/FiyhKiK538QmjkO3DCtMwQdftiZfDwuzOYo hoC12/CZpveM4I UXWb5rMhGhoJ0Md65aQQLNBs4DuHzQ9bAXwUynuz6M61N13FIVUds7UfXwpJS4S1MxYhhNyDJKutxbph2U/5eVgrb8Mc7Kw7m5uaNCiLsG56egzYr2 HkpaCfDnatWjIAx3SDkLfoxl8mGSPoFsrqBLYDHVS1NIfHbZXh13mt5KvE7HrA9UMhu0FmJUkap2YAqvTT0w5q05f6FpaAtd3yz9I6CNku60eamoI3Gi6NJIBaBvQ0sSGBmWCVhvbWKUK0Swwpaf57ongYuDOaThnntHsvBHB7qlUcCPilUO9MQPypVAAIPLq3ipRDDLw5pTuOcv5g 82ijECzeWAra4sXMFospaG2JhOpLxB8SIIHMCWi7UUUsCaUTWhrD11vtDZGsFdHqHwSOTtXwYFFSE9RFrxrwC5rqENq4xRWym5Npc50jxirzDcUFUiVAQZsqzkpNRkFrT7gpaO2JBS0pMYE9DXj 1 Oyhv3LK3giitsXi7gD6PWjF3jU//zmaWJQ3q0UOCkljtYFPhf1FDOKzXHG9mwHfkNK3KGtWKCZNKmQvShot EoBIZy4oIqJMTxkc/YQ4CC1p5YFM0SClp7IkZBa08saElJCRjSBWQrhfqmulNbdYnpsjpuVCewhsoKI6Ql0BHA6xBY6R3idqF6lcOr4/t5tOJVQr0mMS0FbofEP/VfnhuzNXqtRoXAR9IS5bqTbVY6KOkvZ98tbSMOgM1Oyh32VLyjoE0FYyqTUNCmgpGTkICZgEFUpvJhOSa3dqXVxm3KKl0pqoTxWgfwZsI51M2rK0Ne6tItJSHx4tQWfCjt1Akt05BVEpIy4fOTIcCYT4Z7GValoLUnihS09sSClpSUgK5cV5qXs7T5uaqPwEBKQ/ V6p0jrV2LxlxgXUg8tdTGbFamU9xkRdbeeRlze2Nju2UUtPZEiILWnljQkhISSFquKwyS/hovasTquhD42c1X8f1x/xbAdNGErXrl79Xwu1FzjsPw84/plTqTeGbwv7MWbRySxXnGEPPOcsimJ8XxlJamTYCCNm2i8eejoI3Pjk SQCCBpOW6AhfoD3hgGw7XBHYaxq9Lgb qAQ9dFLfbcEAKvA8CN0MON3sIu2bm4wTWPQ9fqtfw6bTyY8ParKtFO1XHDWmnN4S1h OyJ6CLeavNSkDZky/2ChS09sSPgtaeWNCSEhJIo1xXWCzNaZwPEqeqssGgsN2cW71y7VVNAG6HwJUQuKH3bxJvA7AlrA0JxkkIvAaJVwXwdQg8mbeIHbRdxzJOVYoEPPhozgSaDVzw73XGPOcgFHA5Clp7gkZBa08saEkJCaRVrisMmv5r06fDpBMkyeFV4jeMPUFjahJfm6RoHWef4SLdxYt2Qb7x34tHgA01ihczGyymoLUhChs2UNDaEwtaUjICpvzZLF9jRhK1IdvuliwsodzRpYqo0mbMqQyFr5CDWIu2kGGbuNEUtBMPwUUDKGjtiQUtKRmBSd2cnrkN16938ESthn8 LgWBtVXNG04xfLOLV/0j2AK3ZL kA 5Q0JY3tll6RkGbJd1oc1PQRuPF0SQQmsCkBO2ggT1h1sHnRjpfbbyeWcyy/FVoUJYONJRDS6V sKUuV9osQ6toxrvSuyLYeQraYEZ5jaCgzYs016kcAe2JDzCRPEwlbN/q4o8lcFMvEALrrVVcUbmgRHDY1LRCMFUjAsXiDLXhC2hxaNHSTQIUtPbsBQpae2JBS0pGwMZXmL0Wsx62L53AYyXDnYk7upvvEDjaWsV7MlmQk06MwCRy3ifmLBdOjQAFbWooE09EQZsYIScgAT0BGwUtYxWNgOGUneka0TAWZnSzAc9/WZqluwoTvokYSkE7EezaRSlo7YkFLSkZAQra4gfUlHYAiWOtE7i7 B7Sg0ECurxpT LIUydwD0mRgI4ABa09 4KC1p5Y0JKSEaCgLX5A 9UOXhkpcUhBW/zgajzg72wpw5qpUxS0meKNNDkFbSRcHEwC4QnwwzE8K5tHamr7doTAe2xtCmEzS9tt07WQZnk726M2WfsoaCfLf3B1Clp7YkFLSkaAgrZcAd3skLa8gifK5Rm92STASgfcC1EJUNBGJZbdeAra7Nhy5ooToKCt Aag 4UjQEFbuJBN3GAK2omH4KIBFLT2xIKWlIwABW3JAkp3Sk9AV7pLAnK5jVrpnaeDsQhQ0MbClslDFLSZYOWkJABQ0HIXkEDxCDQbkH6rW21VqY0/JDBKgILWnl3BX1J7YkFLSkaAgrZkAaU7lSCga6bBWrSVCH0sJyloY2HL5CEK2kywclIS4Akt9wAJFJFAcxrnIHHVoO1C4iC76xUxmtnbTEGbPeOwK1DQhiXFcSQQkQBPaCMC43ASsIBAs4HjALYPmcK6wxZExk4TKGjtiQsFrT2xoCUlI0BBW7KA0p1KENDVogVwttXGtZUAQCcjEaCgjYQr08EUtJni5eRVJkBBW Xo0/eiEjC0O15vtXFFUX2i3dkRoKDNjm3UmSlooxLjeBIISYCCNiQoDiMBiwj02x2/6jeJlQ4sCpJFplDQ2hMMClp7YkFLSkZg7zYckAKP tziq8uSxZnulI AttKBwO7lVTxbPm/pURICFLRJ6KX7LAVtujw5GwlcJMCuQ9wMJFBMAtpKB8DiUhuzxfSIVmdFgII2K7LR56Wgjc6MT5BAKAIUtKEwcRAJWEeA6ULWhcRagyho7QkNBa09saAlJSNAQVuygNKdyhCgoK1MqBM7SkGbGGFqE1DQpoaSE5HAMAHeluaOIIFiEqCgLWbcJmE1Be0kqOvXpKC1Jxa0pIQE2Be hEGlS6UnQEFb hCn5qDjOAeAkcu/p1zX3ZraIpwoFAEK2lCYOIgE4hGgoI3HjU RwCQJUNBOkn6x1nYc52EAj/usXnNd9 pieVJ8ayloix9DemAxAW35nxr2L6/gCYvNpmkkUGkCFLSVDn8k5yloI HKdDAFbaZ4OXnVCWjL/0gcXDqBx6rOhv6TgK0EKGhtjYx9dlHQ2hMTClp7YkFLSkig2cBxANuHXJM41jqBu0voLl0igVIQoKAtRRhzcYKCNhfMoRahoA2FiYNIIB6BB7bhcE1gp 9pdguLh5NPkUAuBPY2cFICN/GLaC64C70IBa094aOgtScWtKSEBFi6q4RBpUulJjBzG65/o4tXBDD0 SjYKazUcY/rHAVtXHLpP0dBmz5TzkgCFwmoD8c3u3jVj2SqjhsWj M0UZEACdhFYG8DCxKY8Vklp q4kb zdsXKBmtmZ2d31Wq1Z3y2dFzXvcQG 6pkAwVtlaJNXydCoDmN85C4fHBxnvZMJBRclAQCCexp4IIAtvgGrrTauC3wYQ6oJAHHcaTfcdd1qa9y3g0EnjNwLlc9AtqLYcBaqw3WKazedqDHFhMwnM5CCOxYWsVLFptO0yZIwHEcD74UFc/zdi8sLDw7QbMqtzQFbeVCTofzJrBnGruEhP VFD8k8w4E1yOBMQRMubMQWGut8ssnN4 ZgOM45wBcNThCSrk4Pz8/S275EaCgzY81V6owAV2DBQicaa3iugpjoeskYA2B5jS B4lr/QZJNkKxJka2GjI3N3dUCHGXzz62v805YBS0OQPnctUkYHqVyQ/Lau4Hem0XAUN5PWUkS zZFSorrXEc5wCAR33G8WJYztGioM0ZOJerLgHtKS1zaau7Iei5FQT2TuMOT JFf5kuAKxsYEWEimGE7mIYgB2u6zL3OqcQUtDmBJrLkIDxwgnrW3JzkMDECDQbxAIc4wAAIABJREFUGMl/VMYItqieWEyKuDDzaCcfNQrayceAFlSIgK6ElwTkZaxxWaFdQFdtIWBofKLMY5kuW4JUEDsMebRnXdcdycsuiEuFM5OCtnAho8FFJmD8AJU41jqBu4vsG20ngaIRMJzOdqbq2MomCkWL5mTtNXQMk67r1iZrWXVWp6CtTqzpqSUEmg2cAXDNoDk8pbUkODSjMgRMXy6ZalCZLZC6o7p6tAAOuq77WOqLccIRAhS03BQkkDMBdQlFSrzoL8QNntLmHAkuV2UCui WrDlb5R2R3HfHcUYOKwCwfFdytKFmoKANhYmDSCBdAs1tOAoBf91CQOJw6wTuTXc1zkYCJDBIoP l8it Kjyd5T5JQmBubm5BCDHjm4NpB0mgRniWgjYCLA4lgbQImD5Q1fxS4OTyKt6V1lqchwRIYJjA3gZOSuAmH5dOq41LyIoE4hKYmZm5vl6vv J/ 8auYXGJRnuOgjYaL44mgdQIGE9pN1ZYm6pjOy mpIabE5FAj4Dpy6QnceSpE7iHmEggCQHHcU7C92VJCLF 6NChK5LMy2eDCVDQBjPiCBLIjIDhpGhzvfWpOm6hqM0MPyeuIAHD7xybKFRwL2Th8uzs7K5arfaMZu79rus kcWanHODAAUtdwIJTJgARe2EA8DlK0PAmOrDC5mV2QN5OGposrA2Pz9/dR7rV3UNCtqqRp5 W0XA1EWsb R6qw2 rrIqYjSmiAQMdWd5OlvEYFpss FymLKYrXAzjBsFbYZwOTUJRCGwdxsOSIFHDG9O2LkoCkyOJQEfAeOXRp7Ocq9kQGDfvn0XpJRbfFOzhFcGrDenpKDNEC6nJoGoBPZMY5eQeLr j64TW665FdhyKbp/8210/ubbkDXsX14Bc7CiQuV4EgCwp4ELAvALDFY24O7IhABLeGWCdeykFLT5M eKJDCWwIPvu/XXLv3H/8v/NTjorVNHlahl6gH3DgnEIGDqCsYviTFg8pFQBFjCKxSmVAdR0KaKk5ORQHICjuMcAPDo4EwXvvt1qP8JYHGpjdnkq3AGEqgOgQe24XBNYOeQxwJrrVXwkk51tkHunupKeAE467rutbkbU4EFKWgrEGS6WCwCc3NzR4UQQ13ENgWtBORlddzIUl7FiimtnSwBbboBc2cnG5QKrO44zsMAHve72u12b1hcXDxdAQS5ukhBmytuLkYCwQTGCdr 07wgFoyRI0igR8CUbsC3HdwgeRAwXA474roum3ikHAAK2pSBcjoSSEoghKCFENixtIqXkq7F50mg7AQM6QbrrVWWwit77G3wz3Gc4wC2D9rCzmHZRIaCNhuunJUEYhMIJWiBU0ttbI29CB8kgYoQ0LaYZrpBRaI/eTcdx7kDwFf8lniet3thYeHZyVtYHgsoaMsTS3pSEgJhBK1ydaqOG5hLW5Kg043MCFDQZoaWE4ckoOscBoA1aUPyCzuMgjYsKY4jgZwI6ARt56  gbf 8mvDFvCUKaeIcJkiE6CgLXL0ymG7qXMYL4elG18K2nR5cjYSSExAK2j/7i/W3vr2l68anFwCneU2Lkm8ICcggRIToKAtcXAL5JrjOJ6/C6SU8tj8/PzdBXLDalMpaK0OD42rIgGdoJVvvb6y/o2nhi4WKDa8qV3FHUKfoxCgoI1Ci2OzIqD7uw5AdrvdG1nCKx3qFLTpcOQsJJAaAa2glfLYG/91/sclcJNvobVWm8XhU4PPiUpHgIK2dCEtpEOmy2HMpU0vnBS06bHkTCSQCgGToD3/3 aPCG 0SDfbd6aCnZOUlAAFbUkDW0C3DJ3DlCf7Xdd9ooAuWWUyBa1V4aAxJACYBK3KtWpO4xwkhnJpAfCUlhuHBAwEKGi5NWwhMDMzc329Xn/Fn0sLoNPtdrcy9SBZpChok/Hj0ySQOoFxgtbU9ciTOPLUCbDzTOrR4IRFJ0BBW/QIlst x3EOA9ip8eqM67rXlcvbfL2hoM2XN1cjgUAC4wStethwSgspsHt5FSzUHUiYA6pEgIK2StEuhq GurTK BXXdW8rhhf2WUlBa19MaFHFCQQJWtMpLYD1VpvtPCu fei jwAFLbeEbQT6F8Re1KQeQEq5OD8/P2ubzUWwh4K2CFGijZUiECRoe6e0DYz0B 9DWp q4xZ2EKvUlqGzYwhQ0HJ72EjAcZwDAB7V2UZRGy9iFLTxuPEpEsiMQBhB2xO10zgPics1hlDUZhYdTlw0AnsbOOkvd8ec86JFsZz2GmrT9pylqI0ecwra6Mz4BAlkSmDfvn3npZRDQlX3x23PNHYJiWcMxrDyQaZR4uRFIdBs4Dww/MWPpe6KEr3y2zmmlJcStYfn5 fvLT FdDykoE2HI2chgVQIjCm vcN13Zf8i xtYEECM7rFeQqVSkg4ScEJNBuQfhem6riBaTkFD2yJzB8nagGc6Xa7t7OkV3DAKWiDGXEECeRGwPAKat113StMRvRPap/WXjBg5YPcYseF7CNguEDZabVxiX3W0qIqEwgQtepL2UfZfGH8DqGgrfJvEH23joDjOBcAbPEZdsR13bE1ZsdVPuAlMevCTINyIvDANhyuiZGan2dbbVybkwlchgRCEwgQtcyrDSBJQRt6q3EgCWRLYHZ2dletVtPlxGrTDfzWmCofSIGTy6t4V7bWc3YSsI A7kIYJI61TuBu 6ylRSQAOI5jqmDTw8PLYuZdQkHL3yASsISA4Q/ZWdd1Q58mmSofCGBxqQ3WNrQk1jQjHwJ7GrggfG88eCEsH/ZcJT6BfkmvR3RpZGpWz/N2LywssImODzEFbfw9xydJIFUCjuN4/j9gUb NM5821ZBwsgITmLkN17/Zxat F3ghrMBBrZDpMzMz19fr9RUAV/ndllKuzc/PX10hHKFcpaANhYmDSCBbAo7jPAzgcf8q3W73hqi3W02VDyQgIXA/2 NmG0vObgcBbV65wHprld307IgQrQhDYExebeDdijDzl2kMBW2ZoklfCksgjXSDQee1uYMbA9h0obC7hIZHIaDrECaAU0ttbI0yD8eSwKQJ7Nu374KU0n9ZWJkV6n7FpO3Pa30K2rxIcx0SGENAV90garqBf3p2EuOWqzKBZgNnAFwzyIC1mau8I4rru kNnpTy2Pz8PC849kNLQVvcPU7LS0LA1EwhTrrBIJJeDqGHb na47LyQUk2D90wEuCFMG6OMhHQpR5Q0A5HmIK2TDuevhSSwNzc3IIQwt/ta2wzhbCOBlwSYzmvsCA5rlAETBfCWm3wM69QkaSxmwR0TXcoaClo RtCAlYR0OXPpvmHqi9qdfVtFYeVVhu3WQWExpBAQgK8EJYQIB 3ikC/4sHLwHBDkDQ/J6xyOKYx/LYaExwfI4G0CDiOc05TmuWg67qPpbWGqfKBmp81atOizHlsIcAOYbZEgnakQWDfvn3npZSX  dKes8iDdtsmoOC1qZo0JZKEnAcR/Xp9v kfnuVoraS26uSTmu75rFDWCX3QtGdNl0IU03Dut3ujVHLOhadxzj7KWjLHF36Zj0BQ7tb6bpuLQvjTe1xe2tJHG6dwL1ZrMs5SSBPAs1pnIMcLkgvJA4unUBqbz3y9IdrVZeA4ziHAezUEGAdWh8UCtrq/p7QcwsIGP5YRWp3G9WNMTVqweoHUWlyvI0Emg2cBzD0ipYtb22MFG0KIqC7DAYg08 IIJts/XcKWlsjQ7sqQWBubu6cEMLf2jDzb94UtZXYXpV1stnASBoPKxxUdjsU2nFWNwgfPgra8Kw4kgRSJWCqP t53u6FhYVnU11MM9k4UcuOYlnT5/xZEWDJrqzIct5JEKCgDU dgjY8K44kgVQJ6Mp1CSE6hw4duiTVhcZMFiRqhcDPLq3ipbzs4TokkJSAoWTXWmsVVyedm8 TQN4EDHXKmXKgCQQFbd67k uRAIB XcFXNqpmDf1knm7gD4ChxFFvmFT/T D 5VVkfmLMjUECaRCgoE2DIuewhYCuyoEQYv3QoUNX2GKjLXZQ0NoSCdpRKQKGy2ATK8MyrqQXRW2ltmbhnd27DQekwKNDjgjwhLbwka2mA6bUNACp1iovA10K2jJEkT4UjoDjOBcAbPEZfsp13a2TcmZcm1xlExswTCoyXDcKgeY2HIXAXUPPsAZtFIQcaxmBffv2XZBS j8v1MXHO13XZUpYP14UtJZtXJpTfgKG2rPK8dSbKUSlSVEblRjH20aAgta2iNCepAQcxzkA N46bEx6xnXd65LOX5bnKWjLEkn6URgCjuOcBHCTz A113WtuLTSuyXu4VuQw3U8N 3lSW1htlolDaWgrWTYS  04zhnAFyjcXS/67pPlB5ACAcpaENA4hASSJOALt3Atp7cFLVpRpxz5UmAXcLypM218iKgLhJv2bLlpD/1QEq5Nj8/b8VhSF4sTOtQ0E46Aly/UgRM6QbdbvcG23py90Xtir F6MBJ7fGlNn6qUgGks9YTYJcw60NEA2MSMJTwUrNNPF0tpkupPkZBmypOTkYC4wkY/iBZk26gs55dxbiri0RA1yVsqo4bFo/jdJH8oK0koCOguyAmpTw2Pz9/d9WJUdBWfQfQ/1wJ6JopFOGPUVADhqk6bqFgyHUrcTENgb3TuENKfMX/T2x7y 1SFgLsHGaOJAVtWXY5/SgEAcdxzgG4ymdsIeoJBoladhUrxBYstZFsqlDq8NI5ABS0FLT8RSABKwg4juNpuoMVJv9Je4O8T5YNGKzYYpU2Qrc/BXBqqY2J1XeudEDofOoEKGgpaFPfVJyQBOIQcBxHFcMe nFdt1BvSoK6itUE7lxaBYt9x9kgfCYRAe1bBDZVSMSUD9tFgIKWgtauHUlrKklAV FACNE5dOjQJUUD0n 1 xnNabNyZb3VBvuMFy2oJbCXFQ5KEES6MJYABS0FLX9FSGDiBBzHeRjA4z5DrK5wMA7a2K5iPBWb H6rmgG9MnNdvOr3mxUOqrYTyu0vBS0Fbbl3OL0rBIGyCVoF3SRqVT7tchu1QgSGRpaCgCEVptNqo3BvQEoREDqRCQEKWgraTDYWJyWBKATKKGgHRO0zfhZC4uDSCTwWhRHHkkBcAs0GdK1BV1pt3BZ3Tj5HArYRoKCloLVtT9KeChIwCNqzruteW3QcvIxT9AgW235T/Vl qSp2XGn9KIGi1jLPI5aFul2dBxCuQQJZESjzN2ttOS/m0Wa1lTjvAIG mP0jAJf7wDDdgDuldAQMtcz3u677ROmcjegQBW1EYBxOAnEJUNDGJcfnSOCHBNTlr7e62AfgfRK4UdOoZGMwv1Bx25SMwMzMzPX1en3k4iOAwtQyzzIkFLRZ0uXcJDBAgIKW24EEohPoCdgL KCs4x5IbDcK2OGpeTobHTWfsJyA4zgHADw6aGZRSz9mgZqCNguqnJMENAQoaLktSCAcgV4agYePQuB9mlSCoEmkFLh/eRXPBg3kv5NAkQg4jnMSwE0 m0 5rstOeIai6EWKL20lgcIQoKAtTKho6IQI9Bp2SHwMEnEvSlLMTih2XDZbAmPSDQ66rstqMhS02W5Azk4CgwQoaLkfSGCUgEopWO/iEzVgT4zT2M0JO5D4L1Nb8KHF4zhNziRQNgJzc3MLQogZn1/SdV3W  5DYcpB2XY9/bGWAAWttaGhYTkT6DXk8LALNbw75mlsRwCnIfF51PDFpVW8lLMLXI4EciXgOM4FAFt8i664rss6yxS0ue5FLkYCoKDlJqgyASViaxKPeMA2MfrBHIRmQ8ACRyHwJAVsEC7 e5kIGGqYKxdZ3WAg0DyhLdOupy9WE6CgtTo8NC5FAoOVCSTw45C4IY6IVWkEooZPUMCmGBxOVTgC /btOy l9NdZXnNd9 rCOZOhwRS0GcLl1CQwSICClvuhrAQuViWo4d1S4h0xxOsP0QisCYnnl9qYLSsv kUCYQk4jnMYwE7NeDZT8EGhoA27qziOBBISKLOgfWAbDtfEyB/dlVYbzO9KuG9sfTxhCoHfrQ6Ab0qBgyy3ZWvEaVfeBBzHuQPAi5oL/Dyd1QSDgjbvHcr1KkugzIK2V27Jw NDwRVYa62Cr8RKsuNVGsGbHTwOgfdI4G2JTmEVE4E1z8NRUcMzFLEl2SR0I1UCc3Nz54QQV/F0NhxWCtpwnDiKBBIToKBNjJATTIDAwEnsdqFkaLKfswL44qV1/AbLayUDyafLTUDXFazvMSsbGEKf9I9TuXcUvSOBFAmUWtCqMkwSzwzikoBcboM1ElPcQ3lO1TuR9fByzLJaSvquC4nvSYnvyjqOLK/giTzt51okUGQCuotgqs1tp9PZuri4yFrLmuBS0BZ5x9P2QhEos6BVgWg2IP0BkQK7 Tq5UNu0Z6w6lYXE05FOZAXW4eFPKV6LF29abBeB2dnZXbVabeiAoG8hu4KNCRUFrV37mNaUmEBZBW2zgT8DcLMEapo/KLwYVqA93T VfRISd4cyu58HW6/h0yytFYoYB5FAIAFDV7B113WvCHy4wgMoaCscfLqeL4EyCtp/cSt 36thn4mkSju4rI4bmS Z716LstqAiN0OQHcBZWg6AZzyavhdphBEocyxJBCegOM4ZwBcM/iElPLY/Px8uC a4Zcq1UgK2lKFk87YTMCQ5H/Wdd1rbbZ7nG17pvEdIbE1wP41AfzeUhsfL6qfZba72cB5AP6i7X6XpQA yy5dZd4J9M0GAv1SXV/R2MK6swEBoqC1YQfThkoQMLQvLHQ9weY2/DcI/HSYAKrTWgG8ZhwrsKL TXRx2Kvj 8y9DUM12ZhQX0gE1qdquIWn7MlY82kSCENA9yZPXQY7dOjQJWGer/IYCtoqR5  50pAJ2iFEOuHDh0qdF7Unga8SJeHIlIPFMIR5ws73AOee6qNubDjizZu7zYckAKPBtjNHOiiBZb2FpqA4zgXAGwZdILpBuFCSkEbjhNHkUAqBBzHGakE4Lpu4X8Pmw08KYCfk8A7UgFlySQCWCxrC9Y9DVwwNEfode0SAh/hRS9LNiLNqASBMekGO1zXfakSEBI4WfgP0gS 81ESyJ3Avn37Lkgph759AyhFblRzG45C4K7coWa5oMSx1omQN/6ztCPlubWd3TbW4Ilsyqw5HQmEJWBIS2N1g5AAKWhDguIwEkiDgOM4JwHc5JurFJ1ftK wJd6EwDn/jd00WOYyR0kF7d4GTkr/PmSr4ly2FBchARMBQ7muU67rBl28JdReN23 kAAJ5EZA9werDHm0CqD21G9AJPWK9QtoKzrUuninBG6HwJUQuAESb/PnkeUWpB8u1BEC7ynba3dVpuuNLl7x5z2XOb1iAnuHS5LAWAKO48wDuFtK WObA4UQI3/3mD8bfiNR0IZnxZEkkJhAmXOklGDNov3t3mnc4YWspJA4QAMTlLXOquEymGyxTXGa24dzkYCRgOM43wECyx32nqegDb RKGjDs JIEkiFgOM4urqfR1zXvSeVBSY4ia79rRDYUbZTzgkiTry0Lt1ANUtYaof7gE1sACcggQoTGNPW1kSlFHcs8gg5BW0elLkGCQwQcBznMICdg1DKknbQnMY5yOFuU3yVbdf215VZExIHl07gMbsspTUkUD4Cur//Y7xk/myELUBBGwEWh5JAGgRMaQee5 1eWFh4No01JjWHodLB2VZbnzs7KTuruq4uLUSxaLV5n6Kqe4J 50tA1zhBY8EagF93XfeJfK0r9moUtMWOH60vKIGyph2YBNNUHTew09TkN6u2ugHALxyTDw0tqAgBg6A9BeB3FYJut3t4cXHxdEVwpOomBW2qODkZCYQjoPujVpbk/2YDnr CCtMOwu2LLEexukGWdDk3CYQjUOa//eEIZDeKgjY7tpyZBIwEyvxHjaeAdm78vQ0sSGDGZ52cquNGnp7bGTNaVT4CZf7bP loUdBOOgJcv5IEyvxHzZR2wGoHk93qzQZ01TXYGWyyYeHqFSNQ5r/9kw4lBe2kI8D1K0nAcZwDAB71OX/WdV1t44GiQWo2cGGkMUJJu24VITYq3eDNLl712yoFdi votAXEYvAnzaSwCYBCtrs9gIFbXZsOTMJGAkYenavua57dRmwPbANh2tiuDSZBDrLbVxSBv K5oO2ixvQaTEeRQsl7S04AQra7AJIQZsdW85MAkYChuLa0nXdWhmwqe5eUuIrfl94OWwy0TV0B2N1g8mEg6tWmAAFbXbBp6DNji1nJoGxBBzHkZoBO1zXfakM6AyXw9ZabZTiFLpIMdLWB2YKSJFCSFtLQoCCNrtAUtBmx5Yzk0CQoD0HDHfVKkvpLuW44TU3eDks/18MCtr8mXNFEtARoKDNbl9Q0GbHljOTQJCgHWmBqx4oQ8ewTcd1l8MEcGqpja3cHvkRoKDNjzVXIoFxBChos9sfFLTZseXMJBAkaO8ARvNMAXS63e7WMnSL0dU lYC8jLVPc/3toKDNFTcXIwEjAQra7DYHBW12bDkzCQQSMPX1llKuzc/PFz7XtF8u6hV2DgvcCpkO0H2x4El5psg5OQloCVDQZrcxKGizY8uZSSAUAcdxdAXvoUSt53nbi35Sa7gctt5q44pQgDgoMQFtPrPAWmuVF/QSw UEJBCBAAVtBFgRh1LQRgTG4SSQNgHHcVTqwYv U0y1jhBivdvtPrSwsFDY4vemzmEs6p/2TjLPp4uBSv1YbqMUZeLyI8mVSCAZAQraZPzGPU1Bmx1bzkwCoQkYGi1sPi89z7u/yKK2OY3zkLjcB4RtV0PvkOQDmw14I6kfEgeXTuCx5LNzBhIggTAEKGjDUIo3hoI2Hjc RQKpE5ibm1sQQszoJlYntZ1O55aiph8YOofxcljqu8g8YbOBMwCu8Y1gXeAcY8ClSICCNrs9QEGbHVvOTAKRCfRPaj jSz8AcNJ13XdFntSCB0ydwwDwlDan BjrAvOUNqcIcBkSAChos9sFFLTZseXMJBCLQL8t7tMGUXvQdd1CviI2XA5jo4VYuyTeQ7q6wBLoXFbH1sXjOB1vVj5FAiQQlgAFbVhS0cdR0EZnxidIIHMCY0Stapd7ZxHb4/ZPaUcuv3kSR546gXsyh8oFjN3beFLOzUEC RCgoM2OMwVtdmw5MwkkImDKqVX5tIcOHSpkyStdgX91QrjcxiWJYPHh0AQMubSQNexfXsEToSfiQBIggcgEHMf5HoBrBx8sU8vzyEBSfICCNkWYnIoE0ibgOI7uIo9aZsV13dvSXi/r Uy5tBRTWZP/4fymk3KmHuQXA65UPQL9 xH/BsAWv/cUtOnsBwradDhyFhLIhMDMzMz1W7ZsOSmlHPkjCKCQ bTNaZyDxFU YLxtn8kO0k qqzrRH7k2Vcd25tPmGAw7l/rVfkWM2wH8OIAfy9nMlf565wAcBfDvAXtzvPt/p/cBuF1KebOUcqhEYa1Wm/L/Nx/P/a7r8u1Iwk1GQZsQIB8ngawJ9PNpn9GsU8j6tHu34YAUeHTklIKvvLPeSkPzG75YQDVcqAncubSKl3I1iIvlSWAXgHcC2AZg64BovdJwGTVP20xrqfsDZwH8OYDDkxa5SsTW6/XDUsobhRD L hReBXybVsUB/MaS0GbF2muQwIJCDiOo/6A79RM0el2u1uLVp9Wd9teAKeW2r0PV/7kQMCUetBfmifmOcQggyVU18Gf6s97N9BrbTx4wppEeGVgbuIpOwD ZkDkfgPI7otY/3DhZwAotjelIP6PuK7LC7GJt8HGBBS0KYHkNCSQNQFTPm0Rmy7sbWBBAiNNJITADp4MZr2Tfji/6bRcjWD1ifziELDS5mmqGjYofrYPPFc2oZoU/hqAVwD8ZwD/Ma7I7Z/CfgLA /0XuRIauOZ53oeL3P0xof ZPE5BmwlWTkoC6RPo/3H9FjDSQhZK1Ha73YeK9AdSd0oLiWOtE73TD/7kRKAvah/RHXBIgd3Lq3g2J1OquMz1AD7YP/FTp6k393 /36a7PFRFQCn5rE5yT/QF7sdNc/ZPYB9RaQS9Ez8h0k7BWAfw20WtJZ5SLDKbhoI2M7ScmATSJxDQdAFSysX5 fnZ9FdOdUb1WvRD1/4odnsS6oP74o UwF//D6jTlcGfHwB4KO4pS6qWl3QyUxcxAEw9SC/mat//nLo4BECdrtosWpUAfB3AKgB1MetYehhCzbSZXqUEvhKVQ5esQs0wfpCqHvNFAJ9Ul836hwUvJzmFFUJ0pJSnpZRHhRDf1Cz/tSLWD0 BdW5TUNDmhpoLkUA6BIJErWqR2 12f8ayvFr1Yf47/UsouooNYeAsArBdrIfxw8oxzQaO94XWkH1MPUgUrjT2fSIDDA9vCtY3 vmnm6JVCT1bT RV6sXu/t Q61IUuWv333//j/zoj/5onFrY6qKaEv0foVjNYptGm5OCNhovjiYBKwgEiVqVgiCl/NkJ/5FVr1NV/tmeFD98dvCkNrst2JzGeUjNaZjE4dYJ3JvdyqWbWQnZP hXEMjTOSWwXusv LcAvus7YVWXS8vU4vhhAHcBuKH/v8i5xG9/ 9tx3333hY1Rj6 UclUIoS50sdRWWHI5jKOgzQEylyCBLAj0Ra360DS9jlN/fD81gXytzQ/zNG4B 9GpV5/Msc1iQ6lvHtvxsPDwuG56KXDyshp hjVqA H/Scp7VOVdvtlf9dUBwapekX //98prH4YFvX3R13iet9ATrIxaD/xEz Bu 8O/JNyyvO8/7NIdxQCd2kJB1DQljCodKlaBBzHOdkvIWNy/LjrupulfLKEo05Lfg0YaZqQ5poUtGnS1MxlSj3oD12XNXycLXK1QVBC6o9ivI1QglWdqqr6qup3WeVf2vzqP MdmPr06k3RhwH8IoB/4r/8eN111 Hnf/7nhxb99re/jb/92789cfvtt3 Wp7CpxyOzCSloM0PLiUkgPwJzc3MLQohfMpXiyzgFQX2Q/7uIFyrUh/ifAnhJfxwvAAAKG0lEQVT55h/DT/7jfzRaY/erf4kf/MOFkQ5FFLQ5bKu9DZyUG3U2TT/rAvj/usDXhcCXK14JQQmmJ0Oeyqp9r4Tr1wH8vxbnq awyya2hMrFVY1dbt2sJPGBD3wA1157bc g119/HV/4whfwD//wD/xbM7EQxVuYgjYeNz5FAtYRUCkI9Xq9ZWiTq yVUsrPplwFIcrrVfVh/iUAn/bnweq6Vh0/A/nf/2akVjY/ZHLaeQEntUNWqO5iQp0yCqyILg4vfbN3AbDsP/ 6f oX1AxEXcD6DwDUG4wy5a WIb6bF81 /u1vf/uWqakpfO9739v0i39rChZhCtqCBYzmksA4Av3yM1/t92E3DfUAvAXgiQT5tepUSvVbD7qEsXkL OC40yhd7mb7 4D6n  HHzI5/gr0G2AYT/4DTFkT/eL2nsBqSU5xN09j1VuJMNU61H79EIVsjps23lJH 5fLBp/m35p4LCf2FAXtxNBzYRLIjsCYVrnDJ2sDdWsdx1EnSB TUl4uhHil2 3eM6b0lyrzM07MqlOpzwH4jbAf5v5TWgra7PZHlJn3TGOXUDf2ddUPokykXhEAHQG8LgV IDZu4EOd6PamqeMblneJU28j1I36MJ bav83mVIQcYNMbjgF7eTYp7ZymF/M1BbjRCRAAvkRCJGC0DPG87zdtVrtrwB8ZdC6MS11tfVK 89uCtnI9WL9p7QUtPntlTAr9U9r1WljmJPJMFOOG9NrrqFOeKXAa0LiZXg4e kl PcTqrLwnQgluHgqmzT6 T9PQZs/89RXpKBNHSknJAF7CPRTEP44oApCr8OYEGLGb7mm85h61TokfAeeSfxB3mz0bndfo Y89irwl38/wvKIr5 9PbArYsneadwBD  XquNVDdOQvU5OeX WbJSyEliBh3NC4mhGYle9tVC5skGdqi4W2Ged5EL IlDQFjJsw0bn/UeoBMjoAgkUj4DjOAcAPBJVeEgp14QQHxho0KA 4HV1SlWO7GNJySixJOWGYP53/x14qzsy436V 5t0HT6fLgGVliA97K4JvBvoVabI4xR3xInNy2nqZFdVYKh7OBHzglrYEnRn xUOEu/9dCPC2SISoKCNCMzG4RS0NkaFNpFABgSCuouNWVJ2u90b /m0uj/86kN9o ZNCj/NbTh67g3c9UX1knf0R6U73Kj5788BmEtheU6RAgFLTnEHPbl4Qe3SOg6NSVsIK2RPAXiQp7EpbBY7pqCgtSMOiaygoE2Ejw TQLEI9C9 aTtBjfNESnlsfn5etdPR5c meht45jZc/ VX8MrptcivsRcBRM7dLVYEi22typNWHsgu7qoBV0PgSohe21J1YyzP1IU1D3juqfbFL0FhhayylPus2NtQZz0FbQliSkFbgiDSBRKIQiCoCcOYuXa4rqvrhJRKusHgukLAkzKyoE1VWEdhyrHpEVBfaN6QuEfNKLr9hhsqV3dD9AaViYtkyN t47v/8Tuoh3zDoPJ2P86Ul0iIizKYgrYokRpjJwVtCYJIF0ggDoFf/uVf/vVut7tHCHH9mGYMF6d /fXXV5566qntmrV2pPzq1ZSnG QmBW0QoRL8 6bgrXm4VUpshcDNvZPeiGXFDFU0dIRiV 4oAe6quEBBW4JIU9CWIIh0gQSSEnAcZ1wprt70p0 f/sGXvvQldeFn8EedWl2RdH3f8wsARiouBKyhRMd7UhbWKbvF6bImoC6n1TxsH6jA8Db/BTVVOePr3wNeV61Fxv9QyAYRKs /q0uzqh1u1n/bykPMQk8oaC0MCk0igUkQ6OfXGksUfelLX7pw vTpS3y2ZVFG60LALXl1Ce1TPjtY WASm6YAa25eUPve/8Aj3/xriO /Hmg0hWwgotINMJUj3M3mGMWJNQVtcWJFS0kgFwJzc3NHhRCqI9LFnzfeeOM7f/iHf/gujQFppxvoTkp6y9YE4Emknq bC1QuMkkCD195GT792huoBRhBITvJKE1 7fOaesNMY5p8XEJbQEEbGhUHkkB1CPQbMvQu5nS73cOLi4vqBHSnj0AW6Qam01m11i1h2 hWJ1L0dAyBh7fU8BsdDyrtIOgncVOQoAX479YTYB6t9SEabyAFbcEDSPNJICcC54CRG ZppxuYLoOpmp/vpZjNKdLFX Z6AF8O2apWtdj9AHOvix/0FDygoE0B4iSnoKCdJH2uTQLFIaBae/p/0s4vO6w5BVbrqkYKp4uDipZOkMAuAK2gTmVTWyDf7OCjLME1wUjZtzQFrX0xiWQRBW0kXBxMApUkoDs5VfmG/gtiSeHoPlDUCdrVSSfm85UgoMTs0 PaO//IpcC1b8O3T/4dbq4EEToZhYDuC/UKgNuiTMKxkyNAQTs59lyZBIpCQCdosxCaOkHLD5Si7JIJ2vmOK/Arf7eO3 3q3iMAUEL21ndAbv0x3L 8imcnaCqXtpdAXn/n7CVQcMsoaAseQJpPAjkQ0FUeUKWzrk15bb7ySxloVaa7/BLIdXWd0PdzSR2Yfifwk /A v/f3hnzRBGEYfidEzlDSISSwkCUxgLUzsKoR IfsDEROqWXX IvICEBtVT/gUZKEzloKDShMiSaYEGCBOXMyKHcZUj2Nju7MzvP1bsz7/d8k7k3s7vf12zo vInXl1JZU3kiLOsJ1E5pHFLFgIY2iyUuAYCaRMoy2iWNU/a2axZ9FNj2tj50W2Neya28UvSvSlpdFi7zQu6jZmtWeL9hOM64y 6NKEf5Yw6cK90kEEAAukRKMto2hOS/tJgtpICTRPSW3OZIradwfYP9ertdu9/mTWzD65JQw29ebmlv Xn EEgAwFXNZcl9qAM5AK4hBPaAJKABAgETqAsQxs4BuSFRODJLU3 /K3PRhr6 FXa/n6izprZuav6NnJRD1fbWg9JM1qCJ BqAU5zheDTdiIQQxtJopAJgQoJYGgrhM/UbgILM3ono38d7fYOpP0j6cplHay1NQI3COQgwF6XA1oot2BoQ8kEOiAQLgE2 XBzk6yy Vkdm/5DGcPHX8kuiGICZ68rhmMlo2BoK8HOpBCIigCbfFTpqr/Y Zt6Zo71vC/SjjG6y2sG9c /xwjZ6zzC9T00htY3YcaHQPwE2OTjz2GtIng8o9cN0/sBoZG rG5qulaBEkzZBFzNFXiHtuws5JwPQ5sTHLdBICECGNqEkh1DqM4T2o7er23pfgz60RgsAVctWgxtsOnqFYahjSRRyIRAhQRchta2vl2RtFihLqZOmMDCDe2po7Eugl/GqMXrBgkviOJCP1u6y 5zLYlqGcXh9TcShtYfW0aGQF0IuDqFnca2LOlpXQIljrgI2Dq0Mpp4sUGt4rgyF7zaR91OiNTADj5V/wViaCNKFlIhUBGBO5I nDM3j MqSgrTQgACEIAAhpY1AAEIDEbAVXDcjoChHYwjV0MAAhCAgAcCfwDEt4volrTrxAAAAABJRU5ErkJggg==', 'P', 'N/A'),
(30, 1, 5, 12, '[2020-08-20 10:12:34(18)(1:52|2:Canada|3:Yellowstone|4:None|5:Miami|6:Mountains|7:Tocama|8:Chihuahua|9:Yellowstone islands|10:Miami|)][2020-08-20 10:32:15(14)(1:52|2:Canada|3:Yellowstone|4:None|5:Washington|6:Mountains|7:Tocama|8:Tocama|9:Yellowstone islands|10:California|)][2020-08-20 10:32:40()(1:52|2:Canada|3:Yellowstone|4:Pacific and Atlantic|5:Washington|6:Mountains|7:Tocama|8:Tocama|9:Yellowstone islands|10:California|)]', '1:52|2:Canada|3:Yellowstone|4:Pacific and Atlantic|5:Washington|6:Mountains|7:Tocama|8:Tocama|9:Yellowstone islands|10:California|', 'P', '50.00%'),
(31, 1, 5, 14, '[2020-08-20 10:12:45(8)(1:bla1|2:bla2|3:bla3|4:|5:|6:|7:|8:|)]', '1:bla1|2:bla2|3:bla3|4:|5:|6:|7:|8:|', 'P', '0%'),
(32, 1, 5, 16, '[2020-08-20 10:12:56(8)(rotateX{-171deg} rotateY{-23deg})]', 'rotateX{-171deg} rotateY{-23deg}', 'P', '94%'),
(33, 1, 5, 18, '[2020-08-20 10:13:09(10)(2:KEE_/____/FACE/A__A__/___A_D/_HE/____HI_E/A_D/_HAD___/_I__/FA__/BEHI_D/___)][2020-08-20 10:33:07(8)(3:KEE_/_O__/FACE/AL_A__/_O_A_D/_HE/__N_HINE/AND/_HADO__/_ILL/FALL/BEHIND/_O_)]', '3:KEE_/_O__/FACE/AL_A__/_O_A_D/_HE/__N_HINE/AND/_HADO__/_ILL/FALL/BEHIND/_O_', 'P', '68.25%'),
(34, 1, 5, 20, '[2020-08-20 10:13:32(20)(*When*Nancy*came*to*my*house*)]', '*When*Nancy*came*to*my*house*', 'P', '50.00%'),
(35, 1, 5, 22, '[2020-08-20 10:23:57(21)(bootcamp|bears|woods|)][2020-08-20 13:03:10(17)(bootcamp|bears|woods|tree|scouts|)]', 'bootcamp|bears|woods|tree|scouts|', 'P', '55.56%'),
(36, 1, 5, 24, '[2020-08-20 10:24:06(5)(ASD)]', 'ASD', 'P', '0%'),
(37, 1, 5, 26, '[2020-08-20 10:24:37(26)(1|3|5|6|7|8|)]', '1|3|5|6|7|8|', 'P', '75.00%'),
(39, 1, 5, 30, '[2020-08-20 10:25:34(23)(100|11|770|510|div_01|div_14|line_01;100|311|770|110|div_04|div_10|line_04;)][2020-08-20 10:34:08(20)(100|11|770|510|div_01|div_14|line_01;100|311|770|110|div_04|div_10|line_04;100|111|770|710|div_02|div_16|line_02;100|711|770|410|div_08|div_13|line_08;)][2020-08-20 10:36:27(35)(100|11|770|510|div_01|div_14|line_01;100|311|770|110|div_04|div_10|line_04;100|711|770|410|div_08|div_13|line_08;100|211|770|210|div_03|div_11|line_03;100|511|770|710|div_06|div_16|line_06;100|111|770|610|div_02|div_15|line_02;100|611|770|310|div_07|div_12|line_07;100|411|770|10|div_05|div_09|line_05;)][2020-08-20 13:32:01(71)(100|311|770|110|div_04|div_10|line_04;100|11|770|510|div_01|div_14|line_01;100|211|770|610|div_03|div_15|line_03;100|111|770|210|div_02|div_11|line_02;100|511|770|710|div_06|div_16|line_06;100|711|770|410|div_08|div_13|line_08;100|611|770|310|div_07|div_12|line_07;100|411|770|10|div_05|div_09|line_05;)][2020-08-20 13:36:14(3)(100|311|770|110|div_04|div_10|line_04;100|11|770|510|div_01|div_14|line_01;100|211|770|610|div_03|div_15|line_03;100|111|770|210|div_02|div_11|line_02;100|511|770|710|div_06|div_16|line_06;100|711|770|410|div_08|div_13|line_08;100|611|770|310|div_07|div_12|line_07;100|411|770|10|div_05|div_09|line_05;)][2020-08-20 13:36:37(3)(100|311|770|110|div_04|div_10|line_04;100|11|770|510|div_01|div_14|line_01;100|211|770|610|div_03|div_15|line_03;100|111|770|210|div_02|div_11|line_02;100|511|770|710|div_06|div_16|line_06;100|711|770|410|div_08|div_13|line_08;100|611|770|310|div_07|div_12|line_07;100|411|770|10|div_05|div_09|line_05;)]', '100|311|770|110|div_04|div_10|line_04;100|11|770|510|div_01|div_14|line_01;100|211|770|610|div_03|div_15|line_03;100|111|770|210|div_02|div_11|line_02;100|511|770|710|div_06|div_16|line_06;100|711|770|410|div_08|div_13|line_08;100|611|770|310|div_07|div_12|line_07;100|411|770|10|div_05|div_09|line_05;', 'P', '87.50%'),
(40, 1, 5, 32, '[2020-08-20 10:25:49(12)(b|a|s|k|e|t||||o|n||||||||||||||||||||||||||||||||)][2020-08-20 10:34:45(32)(b|a|s|k|e|t||||o|n||||||||||||a|c|t|i|n|g|a|l|e||t|e|b|r|a|c|e||||)]', 'b|a|s|k|e|t||||o|n||||||||||||a|c|t|i|n|g|a|l|e||t|e|b|r|a|c|e||||', 'P', '52.78%'),
(41, 1, 5, 34, '[2020-08-20 10:26:55(29)(Playroom|Bathroom|)][2020-08-20 15:45:23(35)(Playroom|Bathroom|Garage|Diningroom|Livingroom|Kitchen|)]', 'Playroom|Bathroom|Garage|Diningroom|Livingroom|Kitchen|', 'P', '60.00%'),
(42, 1, 5, 36, '[2020-08-20 10:27:15(16)(bodyguard William making big nice playing in the street going to be a big man someday you got mud on your face you big disgrace kicking your can all over the place)]', 'bodyguard William making big nice playing in the street going to be a big man someday you got mud on your face you big disgrace kicking your can all over the place', 'P', '78.13%'),
(43, 1, 5, 38, '[2020-08-20 10:27:47(28)(we|go|to|school|Anna|has|a|bike|is|up|to|you|I|cross|the|street|||||||||||||||||||||||||)][2020-08-20 15:47:12(74)(we|go|to|school|Anna|has|a|bike|is|up|to|you|I|cross|the|street|he|loves|the|beach|the|remote|is|broke|hit|the|road|Jack|we|love|eat|cookies|turn|off|the|tv|Freddy|throw|the|paper|)]', 'we|go|to|school|Anna|has|a|bike|is|up|to|you|I|cross|the|street|he|loves|the|beach|the|remote|is|broke|hit|the|road|Jack|we|love|eat|cookies|turn|off|the|tv|Freddy|throw|the|paper|', 'P', '100.00%'),
(45, 1, 5, 40, '[2020-08-20 10:54:07(18)(lo que el viento se llevo=gone with the wind|el planeta de los simios=planet of the apes|dentro de los arboles=into the woods|cantando bajo la lluvia=singing in the rain|)][2020-08-20 15:47:30(5)(lo que el viento se llevo=gone with the wind|el planeta de los simios=planet of the apes|dentro de los arboles=into the woods|cantando bajo la lluvia=singing in the rain|cantando bajo la lluvia=singing in the rain|)]', 'lo que el viento se llevo=gone with the wind|el planeta de los simios=planet of the apes|dentro de los arboles=into the woods|cantando bajo la lluvia=singing in the rain|cantando bajo la lluvia=singing in the rain|', 'P', '50.00%'),
(46, 1, 5, 28, '[2020-08-20 12:05:11(16)(be|was|been|take|told|eaten|begin|came|stood|come|ate|come|eat|got|taken|get|left|told|leave|stood|left|see|saw|begun|stand|took|got|tell|began|seen|)][2020-08-20 12:05:47(13)(be|was|been|take|took|taken|begin|began|begun|come|ate|come|eat|got|eaten|get|left|told|leave|stood|left|see|saw|stood|stand|told|got|tell|came|seen|)][2020-08-20 12:20:12(11)(be|was|been|take|took|taken|begin|began|begun|come|came|come|eat|ate|eaten|get|left|told|leave|stood|left|see|saw|stood|stand|told|got|tell|got|seen|)][2020-08-20 12:23:09(6)(be|was|been|take|took|taken|begin|began|begun|come|came|come|eat|ate|eaten|get|got|got|leave|stood|left|see|saw|stood|stand|told|told|tell|left|seen|)]', 'be|was|been|take|took|taken|begin|began|begun|come|came|come|eat|ate|eaten|get|got|got|leave|stood|left|see|saw|stood|stand|told|told|tell|left|seen|', 'P', '60.00%'),
(47, 1, 6, 4, '[2020-08-21 11:31:04(6)(1|7|9|)]', '1|7|9|', 'P', '15.00%'),
(48, 1, 6, 6, '[2020-08-21 11:31:27(20)(blue|yellow|orange|pink|red|aqua|)]', 'blue|yellow|orange|pink|red|aqua|', 'P', '25.00%'),
(49, 1, 6, 8, '[2020-08-21 11:31:55(6)(5|4|3|2|6|0|1|)][2020-08-21 11:56:23(9)(5|6|0|1|2|3|4|)]', '5|6|0|1|2|3|4|', 'P', '0.00%');
INSERT INTO `libroalumnorespuesta` (`libroalumnorespuesta`, `libro`, `alumno`, `pagina`, `tiempo`, `respuesta`, `estado`, `performance`) VALUES
(50, 1, 6, 10, '[2020-08-21 11:32:02(3)(BLOB)]', 'iVBORw0KGgoAAAANSUhEUgAAArQAAAFxCAYAAACC8ztAAAAcB0lEQVR4Xu3dX6h8a1kH8K klJBaFJgYZCiUUFQSmCCoV6c7PYTUhVJKQRcR0YGIoCuFCqTCGzmgFoqhJMdChC77B8VBwqiLEwUVdFGUaBJkGBZvzcT0c/9cs2Y/ez/vu czIHp s Z5n/V53uP zpq15/e8eBAgQIAAAQIECBBYWOB5C/eudQIECBAgQIAAAQIRaG0CAgQIECBAgACBpQUE2qXHp3kCBAgQIECAAAGB1h4gQIAAAQIECBBYWkCgXXp8midAgAABAgQIEBBo7QECBAgQIECAAIGlBQTapceneQIECBAgQIAAAYHWHiBAgAABAgQIEFhaQKBdenyaJ0CAAAECBAgQEGjtAQIECBAgQIAAgaUFBNqlx6d5AgQIECBAgAABgdYeIECAAAECBAgQWFpAoF16fJonQIAAAQIECBAQaO0BAgQIECBAgACBpQUE2qXHp3kCBAgQIECAAAGB1h4gQIAAAQIECBBYWkCgXXp8midAgAABAgQIEBBo7QECBAgQIECAAIGlBQTapceneQIECBAgQIAAAYHWHiBAgAABAgQIEFhaQKBdenyaJ0CAAAECBAgQEGjtAQIECBAgQIAAgaUFBNqlx6d5AgQIECBAgAABgdYeIECAAAECBAgQWFpAoF16fJonQIAAAQIECBAQaO0BAgQIECBAgACBpQUE2qXHp3kCBAgQIECAAAGB1h4gQIAAAQIECBBYWkCgXXp8midAgAABAgQIEBBo7QECBAgQIECAAIGlBQTapceneQIECBAgQIAAAYHWHiBAgAABAgQIEFhaQKBdenyaJ0CAAAECBAgQEGjtAQIECBAgQIAAgaUFBNqlx6d5AgQIECBAgAABgdYeIECAAAECBAgQWFpAoF16fJonQIAAAQIECBAQaO0BAgQIECBAgACBpQUE2qXHp3kCBAgQIECAAAGB1h4gQIAAAQIECBBYWkCgXXp8midAgAABAgQIEBBo7QECBAgQIECAAIGlBQTapceneQIECBAgQIAAAYHWHiBAgAABAgQIEFhaQKBdenyaJ0CAAAECBAgQEGjtAQIECBAgQIAAgaUFBNqlx6d5AgQIECBAgAABgdYeIECAAAECBAgQWFpAoF16fJonQIAAAQIECBAQaO0BAgQIECBAgACBpQUE2qXHp3kCBAgQIECAAAGB1h4gQIAAAQIECBBYWkCgXXp8midAgAABAgQIEBBo7QECBAgQIECAAIGlBQTapceneQIECBAgQIAAAYHWHiBAgAABAgQIEFhaQKBdenyaJ0CAAAECBAgQEGjtAQIECBAgQIAAgaUFBNqlx6d5AgQIECBAgAABgdYeIECAAAECBAgQWFpAoF16fJonQIAAAQIECBAQaO0BAgQIECBAgACBpQUE2qXHp3kCBAgQIECAAAGB1h4gQIAAAQIECBBYWkCgXXp8midAgAABAgQIEBBo7QECBAgQIECAAIGlBQTapceneQIECBAgQIAAAYHWHiBAgAABAgQIEFhaQKBdenyaJ0CAAAECBAgQEGjtAQIECBAgQIAAgaUFBNqlx6d5AgQIECBAgAABgdYeIECAAAECBAgQWFpAoF16fJonQIAAAQIECBAQaO0BAgQIECBAgACBpQUE2qXHp3kCBAgQIECAAAGB1h4gQIAAAQIECBBYWkCgXXp8midAgAABAgQIEBBo7QECBAgQIECAAIGlBQTapceneQIECBAgQIAAAYHWHiBAgAABAgQIEFhaQKBdenyaJ0CAAAECBAgQEGjtAQIECBAgQIAAgaUFBNqlx6d5AgQIECBAgAABgdYeIECAAAECBAgQWFpAoF16fJonQIAAAQIECBAQaO0BAgQIECBAgACBpQUE2qXHp3kCBAgQIECAAAGB1h4gQIAAAQIECBBYWkCgXXp8midAgAABAgQIEBBo7QECBAgQIECAAIGlBQTapceneQIECBAgQIAAAYHWHiBAgAABAgQIEFhaQKBdenyaJ0CAAAECBAgQEGjtAQIECBAgQIAAgaUFBNqlx6d5AgQIECBAgAABgdYeIECAAAECBAgQWFpAoF16fJonQIAAAQIECBAQaO0BAgQIECBAgACBpQUE2qXHp3kCBAgQIECAAAGB1h4gQIAAAQIECBBYWkCgXXp8midAgAABAgQIEBBo7QECBAgQIECAAIGlBQTapceneQIECBAgQIAAAYHWHiBAgAABAgQIEFhaQKBdenyaJ0CAAAECBAgQEGjtAQIECBAgQIAAgaUFBNqlx6d5AgQIECBAgAABgdYeIECAAAECBAgQWFpAoF16fJonQIAAAQIECBAQaO0BAgQIECBAgACBpQUE2qXHp3kCBAgQIECAAAGB1h4gQIAAAQIECBBYWkCgXXp8midAgAABAgQIEBBo7QECBAgQIECAAIGlBQTapceneQIECBAgQIAAAYHWHiBAgAABAgQIEFhaQKBdenyaJ7CcwNNJnkzygiRfTvLpJE8sdxYaJkCAAIGpBATaqcahmYkFjkHsa4Swi6f09iQfuuHVH0nytoureiEBAgQIXL2AQHv1WwDAGQI3BTEh7Ay4Rw75YJJ33PCy55K8en85ryBAgAABAv8rINDaCQS2BW4KYkLYttujR7wnyVM3vOzZJK/dX84rCBAgQICAQGsPEDhX4KYgJoSdq/f/j/tCkhed/NG4j/atSZ65rJxXESBAgAABV2jtAQLnCpwGMSHsXLWbj3tnkhcn VKSDycZth4ECBAgQOBiAbccXEznhVcoMILYC4WwK5y8UyZAgACBqQUE2qnHozkCBAgQIECAAIEtAYF2S8jzBAgQIECAAAECUwsItFOPR3MECBAgQIAAAQJbAgLtlpDnCRAgQIAAAQIEphYQaKcej YIECBAgAABAgS2BATaLSHPEyBAgAABAgQITC0g0E49Hs0RIECAAAECBAhsCQi0W0KeJ0CAAAECBAgQmFpAoJ16PJojQIAAAQIECBDYEhBot4Q8T4AAAQIECBAgMLWAQDv1eDRHgAABAgQIECCwJSDQbgl5ngABAgQIECBAYGoBgXbq8WiOAAECBAgQIEBgS0Cg3RLyPAECBAgQIECAwNQCAu3U49EcAQIECBAgQIDAloBAuyXkeQIECBAgQIAAgakFBNqpx6M5AgQIECBAgACBLQGBdkvI8wQIECBAgAABAlMLCLRTj0dzBAgQIECAAAECWwIC7ZaQ5wkQIECAAAECBKYWEGinHo/mCBAgQIAAAQIEtgQE2i0hzxMgQIAAAQIECEwtINBOPR7NESBAgAABAgQIbAkItFtCnidAgAABAgQIEJhaQKCdejyaI0CAAAECBAgQ2BIQaLeEPE AAAECBAgQIDC1gEA79Xg0R4AAAQIECBAgsCUg0G4JeZ4AAQIECBAgQGBqAYF26vFojgABAgQIECBAYEtAoN0S8jwBAgQIECBAgMDUAgLt1OPRHAECBAgQIECAwJaAQLsl5HkCBAgQIECAAIGpBQTaqcejOQIECBAgQIAAgS0BgXZLyPMPUeDpJE8mecFDPLk7OqcvJ/l0kifuqL6yBAgQIEDgYgGB9mI6L1xU4O1JPrRo7zO0/ZEkb5uhET0QIECAAIGjgEBrL1ybwAeTvOPaTrrwfJ9L8urCekoRIECAAIFbCwi0tyZUYDGB9yR5arGeZ2r32SSvnakhvRAgQIAAAYHWHrhGgS8kedE1nvgtz3ncR/vWJM/cso6XEyBAgACBUgGBtpRTsYUE3pnkxQv1293ql5J8OMl4M BBgAABAgSmEhBopxqHZggQIECAAAECBPYKCLR7xRxPgAABAgQIECAwlYBAO9U4NEOAAAECBAgQILBXQKDdK Z4AgQIECBAgACBqQQE2qnGoRkCBAgQIECAAIG9AgLtXjHHEyBAgAABAgQITCUg0E41Ds0QIECAAAECBAjsFRBo94o5ngABAgQIECBAYCoBgXaqcWiGAAECBAgQIEBgr4BAu1fM8QQIECBAgAABAlMJCLRTjUMzBAgQIECAAAECewUE2r1ijidAgAABAgQIEJhKQKCdahyaIUCAAAECBAgQ2Csg0O4VczwBAgQIECBAgMBUAgLtVOPQDAECBAgQIECAwF4BgXavmOMJECBAgAABAgSmEhBopxqHZggQIECAAAECBPYKCLR7xRxPgAABAgQIECAwlYBAO9U4NEOAAAECBAgQILBXQKDdK Z4AgQIECBAgACBqQQE2qnGoRkCBAgQIECAAIG9AgLtXjHHEyBAgAABAgQITCUg0E41Ds0QIECAAAECBAjsFRBo94o5ngABAgQIECBAYCoBgXaqcWiGAAECBAgQIEBgr4BAu1fM8QQIECBwW4FnkrzpUOTjSX7itgW9ngCB6xYQaK97/g/97H8myc8leWESPzQf rSd3yoCf53kVY80 4EkP77KCeiTAIH5BATa WaioxqB1yf5Iz80azBVIVAk8MNJPnpDrT9I8saiNZQhQOAKBQTaKxz6lZzyLyX5 RvO9fNJ3pfkF67EwWkSmEng95O8QaCdaSR6IfAwBATahzFHZ/GVAo8LtMcj/yvJZ5L8SpKPASRA4E4Fxicmv3HDrQZj0f883E/7x3fageIECDxoAYH2QY/3qk/u25L8TZLnn6EwfqB MsmvJvFD9QwwhxA4U2DcYvDuxwTZY4kf8abyTE2HESDwWAGB1uZ4yALjh m4KjR Kezcx78n T3h9lwuxxH4CoHxZvLXkvzgGf/ujU9Jvo8hAQIEbisg0N5W0OtXEHh/kh8982rt6fkcw 24JcFtCStMWo9dAuOWgp9N8gNJXnZmE/94OP7vzzzeYQQIEHCF1h4gkGR8jddPJXnlBRrjtoS/S/LbSZ5O4ofwBYhe8qAEfjrJjyX5zjOuxJ6e Lh//XeTPPmgNJwMAQKtAq7QtvJbvElgfCT6i0l KMk3XNjDuHr73OH2BAH3QkQvW0pg3MIz/rPnKuyjQfYPD5 WeEO41Og1S2B AYF2/hnp8G4FxkelTyV5YudVpke7Gldw/znJnyYZX0303rttW3UCdy4wrsCOq6jfm QlSS79eTHe/P1Wknf5ZOPOZ2YBAlcrcOn/QV0tmBN/0AJV4faINH6Qj  9/askn0jyZ75F4UHvn5VP7nj19buTvPyWb 6Gw3iD95dJftn95ytvC70TWEdAoF1nVjq9X4FjuB0fr35L8dIj5P5Lkn84BN1/8kO/WFi5xwmM223efPhbuarC6 kbuGcPf3GJX6K0BwkQuFcBgfZeuS22qMAIAT95 Bqi7yi4evU4hnFV69 S/G2Sf03yJ0nGb4KPX6Bxz Gim6ep7fGG7DWH4PqKJN9 y9sGbjqN8ctd483Yp5L8pk8fmiZtWQIE/kdAoLURCOwXuK A 2hn4xaG/zi5uvu5w/264zihd/8cV3/FuE3gpYfQ o2He12/9g7fcB0D7LhP/KM VVh9  ifwMMSEGgf1jydTZ/A EqwtyQZV3C/ YLvvK3sfNzSMB7H2xrG/z4Nv Of/dJapXhtrePV1VH1jUlGWB2/lDWuso7Hpd/MsbfL8YnB GTgLwTYvXSOJ0DgvgUE2vsWt961CIyruOM3xN QZNyr E33GET2Go8rb MWh PjNAgf/2z8NcIj2Jw 3Pv71aVPg k4ctyL/bqTl3zr4c3P KO7vLJ6zn447oE/T/I7h3u73eZyjpxjCBCYQkCgnWIMmrgigRFyvv9wNXdcdRv3N3598xXdu A/3h7xuNrj fHtD7d5HO8x3lPjNl/mP76 6nGP 7pquudcv5r9eAMz/IXXClE1CBBoFxBo20egAQL/JzDuiRx/bei4dWE8vufw3yuFJeOcR2DcevLZw7dpjPD/Gfe9zjMcnRAgUCsg0NZ6qkbgLgXGfbrjMW5jGPdVjo sx60M4yH03qX8nLWP34pxDK3jtpDx3a/jO4/dLjDnzHRFgMAdCQi0dwSrLIEmgeO9u2P570ryqkMfp G3 37NJppllj29p/mLJ7dmjNsDxkNgXWaUGiVA4L4EBNr7krYOgXkFjvf1Hjs8DcLHPxvf3vB1j5zCQ7z3t3JKxyuopzXHL10dH8crqsd//vXKxdUiQIDANQkItNc0bedK4P4EjrdHPG7F8f2pp7/xf0lnp1edz3n96dXOc45/9JjjFdKbXuuq6SWiXkOAAIEiAYG2CFIZAgQIECBAgACBHgGBtsfdqgQIECBAgAABAkUCAm0RpDIECBAgQIAAAQI9AgJtj7tVCRAgQIAAAQIEigQE2iJIZQgQIECAAAECBHoEBNoed6sSIECAAAECBAgUCQi0RZDKECBAgAABAgQI9AgItD3uViVAgAABAgQIECgSEGiLIJUhQIAAAQIECBDoERBoe9ytSoAAAQIECBAgUCQg0BZBKkOAAAECBAgQINAjIND2uFuVAAECBAgQIECgSECgLYJUhgABAgQIECBAoEdAoO1xtyoBAgQIECBAgECRgEBbBKkMAQIECBAgQIBAj4BA2 NuVQIECBAgQIAAgSIBgbYIUhkCBAgQIECAAIEeAYG2x92qBAgQIECAAAECRQICbRGkMgQIECBAgAABAj0CAm2Pu1UJECBAgAABAgSKBATaIkhlCBAgQIAAAQIEegQE2h53qxIgQIAAAQIECBQJCLRFkMoQIECAAAECBAj0CAi0Pe5WJUCAAAECBAgQKBIQaIsglSFAgAABAgQIEOgREGh73K1KgAABAgQIECBQJCDQFkEqQ4AAAQIECBAg0CMg0Pa4W5UAAQIECBAgQKBIQKAtglSGAAECBAgQIECgR0Cg7XG3KgECBAgQIECAQJGAQFsEqQwBAgQIECBAgECPgEDb425VAgQIECBAgACBIgGBtghSGQIECBAgQIAAgR4BgbbH3aoECBAgQIAAAQJFAgJtEaQyBAgQIECAAAECPQICbY 7VQkQIECAAAECBIoEBNoiSGUIECBAgAABAgR6BATaHnerEiBAgAABAgQIFAkItEWQyhAgQIAAAQIECPQICLQ97lYlQIAAAQIECBAoEhBoiyCVIUCAAAECBAgQ6BEQaHvcrUqAAAECBAgQIFAkINAWQSpDgAABAgQIECDQIyDQ9rhblQABAgQIECBAoEhAoC2CVIYAAQIECBAgQKBHQKDtcbcqAQIECBAgQIBAkYBAWwSpDAECBAgQIECAQI AQNvjblUCBAgQIECAAIEiAYG2CFIZAgQIECBAgACBHgGBtsfdqgQIECBAgAABAkUCAm0RpDIECBAgQIAAAQI9AgJtj7tVCRAgQIAAAQIEigQE2iJIZQgQIECAAAECBHoEBNoed6sSIECAAAECBAgUCQi0RZDKECBAgAABAgQI9AgItD3uViVAgAABAgQIECgSEGiLIJUhQIAAAQIECBDoERBoe9ytSoAAAQIECBAgUCQg0BZBKkOAAAECBAgQINAjIND2uFuVAAECBAgQIECgSECgLYJUhgABAgQIECBAoEdAoO1xtyoBAgQIECBAgECRgEBbBKkMAQIECBAgQIBAj4BA2 NuVQIECBAgQIAAgSIBgbYIUhkCBAgQIECAAIEeAYG2x92qBAgQIECAAAECRQICbRGkMgQIECBAgAABAj0CAm2Pu1UJECBAgAABAgSKBATaIkhlCBAgQIAAAQIEegQE2h53qxIgQIAAAQIECBQJCLRFkMoQIECAAAECBAj0CAi0Pe5WJUCAAAECBAgQKBIQaIsglSFAgAABAgQIEOgREGh73K1KgAABAgQIECBQJCDQFkEqQ4AAAQIECBAg0CMg0Pa4W5UAAQIECBAgQKBIQKAtglSGAAECBAgQIECgR0Cg7XG3KgECBAgQIECAQJGAQFsEqQwBAgQIECBAgECPgEDb425VAgQIECBAgACBIgGBtghSGQIECBAgQIAAgR4BgbbH3aoECBAgQIAAAQJFAgJtEaQyBAgQIECAAAECPQICbY 7VQkQIECAAAECBIoEBNoiSGUIECBAgAABAgR6BATaHnerEiBAgAABAgQIFAkItEWQyhAgQIAAAQIECPQICLQ97lYlQIAAAQIECBAoEhBoiyCVIUCAAAECBAgQ6BEQaHvcrUqAAAECBAgQIFAkINAWQSpDgAABAgQIECDQIyDQ9rhblQABAgQIECBAoEhAoC2CVIYAAQIECBAgQKBHQKDtcbcqAQIECBAgQIBAkYBAWwSpDAECBAgQIECAQI AQNvjblUCBAgQIECAAIEiAYG2CFIZAgQIECBAgACBHgGBtsfdqgQIECBAgAABAkUCAm0RpDIECBAgQIAAAQI9AgJtj7tVCRAgQIAAAQIEigQE2iJIZQgQIECAAAECBHoEBNoed6sSIECAAAECBAgUCQi0RZDKECBAgAABAgQI9AgItD3uViVAgAABAgQIECgSEGiLIJUhQIAAAQIECBDoERBoe9ytSoAAAQIECBAgUCQg0BZBKkOAAAECBAgQINAjIND2uFuVAAECBAgQIECgSECgLYJUhgABAgQIECBAoEdAoO1xtyoBAgQIECBAgECRgEBbBKkMAQIECBAgQIBAj4BA2 NuVQIECBAgQIAAgSIBgbYIUhkCBAgQIECAAIEeAYG2x92qBAgQIECAAAECRQICbRGkMgQIECBAgAABAj0CAm2Pu1UJECBAgAABAgSKBATaIkhlCBAgQIAAAQIEegQE2h53qxIgQIAAAQIECBQJCLRFkMoQIECAAAECBAj0CAi0Pe5WJUCAAAECBAgQKBIQaIsglSFAgAABAgQIEOgREGh73K1KgAABAgQIECBQJCDQFkEqQ4AAAQIECBAg0CMg0Pa4W5UAAQIECBAgQKBIQKAtglSGAAECBAgQIECgR0Cg7XG3KgECBAgQIECAQJGAQFsEqQwBAgQIECBAgECPgEDb425VAgQIECBAgACBIgGBtghSGQIECBAgQIAAgR4BgbbH3aoECBAgQIAAAQJFAgJtEaQyBAgQIECAAAECPQICbY 7VQkQIECAAAECBIoEBNoiSGUIECBAgAABAgR6BATaHnerEiBAgAABAgQIFAkItEWQyhAgQIAAAQIECPQICLQ97lYlQIAAAQIECBAoEhBoiyCVIUCAAAECBAgQ6BEQaHvcrUqAAAECBAgQIFAkINAWQSpDgAABAgQIECDQIyDQ9rhblQABAgQIECBAoEhAoC2CVIYAAQIECBAgQKBHQKDtcbcqAQIECBAgQIBAkYBAWwSpDAECBAgQIECAQI AQNvjblUCBAgQIECAAIEiAYG2CFIZAgQIECBAgACBHgGBtsfdqgQIECBAgAABAkUCAm0RpDIECBAgQIAAAQI9AgJtj7tVCRAgQIAAAQIEigQE2iJIZQgQIECAAAECBHoEBNoed6sSIECAAAECBAgUCQi0RZDKECBAgAABAgQI9AgItD3uViVAgAABAgQIECgSEGiLIJUhQIAAAQIECBDoERBoe9ytSoAAAQIECBAgUCQg0BZBKkOAAAECBAgQINAjIND2uFuVAAECBAgQIECgSECgLYJUhgABAgQIECBAoEdAoO1xtyoBAgQIECBAgECRwH8DvFPicnhNiA8AAAAASUVORK5CYII=', 'P', 'N/A'),
(51, 1, 6, 12, '[2020-08-21 11:32:21(16)(1:50|2:Spain|3:Miami|4:Pacific and Atlantic|5:Miami|6:Desert|7:Sierra Nevada|8:Denali|9:Yellowstone islands|10:California|)]', '1:50|2:Spain|3:Miami|4:Pacific and Atlantic|5:Miami|6:Desert|7:Sierra Nevada|8:Denali|9:Yellowstone islands|10:California|', 'P', '20.00%'),
(52, 1, 6, 14, '[2020-08-21 11:32:30(6)(1:l|2:l|3:l|4:l|5:l|6:l|7:l|8:l|)][2020-08-21 11:37:09(77)(1:l|2:l|3:l|4:l|5:l|6:l|7:l|8:l|)][2020-08-21 11:40:10(1)(1:l|2:l|3:l|4:l|5:l|6:l|7:l|8:l|)]', '1:l|2:l|3:l|4:l|5:l|6:l|7:l|8:l|', 'P', '100.00%'),
(53, 1, 6, 16, '[2020-08-21 11:32:35(2)(rotateX{4deg} rotateY{-162deg})][2020-08-21 11:55:53(2)(rotateX{-10deg} rotateY{31deg})]', 'rotateX{-10deg} rotateY{31deg}', 'P', '48.47%'),
(54, 1, 6, 18, '[2020-08-21 11:32:45(8)(2:____/Y_U_/_A__/A_WAYS/T_WA__/T__/SU_S____/A__/S_A__WS/W___/_A__/______/Y_U)]', '2:____/Y_U_/_A__/A_WAYS/T_WA__/T__/SU_S____/A__/S_A__WS/W___/_A__/______/Y_U', 'P', '39.68%'),
(55, 1, 6, 20, '[2020-08-21 11:32:56(8)(*Nancy*house*came*)]', '*Nancy*house*came*', 'P', '28.57%'),
(56, 1, 6, 22, '[2020-08-21 11:33:21(22)(scouts|bootcamp|forest|bears|)]', 'scouts|bootcamp|forest|bears|', 'P', '44.44%'),
(57, 1, 6, 24, '[2020-08-21 11:33:26(3)(ASD)][2020-08-21 11:44:53(9)(ASD)][2020-08-21 11:45:32(31)()][2020-08-21 11:48:11(3)(JJJJJJ)][2020-08-21 11:51:36(2)(JJJJJJ)][2020-08-21 11:52:22(8)(JJJJJJJLGHJ)][2020-08-21 13:00:46(5)(JJJ JJJ JLGHJ)]', 'JJJ JJJ JLGHJ', 'P', '41.94%'),
(58, 1, 6, 26, '[2020-08-21 11:33:36(7)(1|2|3|4|)]', '1|2|3|4|', 'P', '50.00%'),
(59, 1, 6, 28, '[2020-08-21 11:33:48(9)(be|took|left|take|told|eaten|begin|came|begun|come|ate|come|eat|got|taken|get|left|told|leave|saw|been|stand|stood|stood|see|was|got|tell|began|seen|)]', 'be|took|left|take|told|eaten|begin|came|begun|come|ate|come|eat|got|taken|get|left|told|leave|saw|been|stand|stood|stood|see|was|got|tell|began|seen|', 'P', '10.00%'),
(60, 1, 6, 30, '[2020-08-21 11:33:59(8)(100|11|770|510|div_01|div_14|line_01;100|311|770|110|div_04|div_10|line_04;)]', '100|11|770|510|div_01|div_14|line_01;100|311|770|110|div_04|div_10|line_04;', 'P', '25.00%'),
(61, 1, 6, 32, '[2020-08-21 11:34:06(5)(b|a|s|k|e|t|||||||||||||||||||||||||||||||||||||)]', 'b|a|s|k|e|t|||||||||||||||||||||||||||||||||||||', 'P', '16.67%'),
(62, 1, 6, 34, '[2020-08-21 11:34:25(16)(Kitchen|Garage|)]', 'Kitchen|Garage|', 'P', '20.00%'),
(63, 1, 6, 36, '[2020-08-21 11:34:48(21)(but you were going to give me tonight laying in the street going to be a meeting on Sunday)]', 'but you were going to give me tonight laying in the street going to be a meeting on Sunday', 'P', '42.11%'),
(64, 1, 6, 38, '[2020-08-21 11:34:59(7)(we|go|to|school|||||||||||||||||||||||||||||||||||||)]', 'we|go|to|school|||||||||||||||||||||||||||||||||||||', 'P', '10.00%'),
(65, 1, 6, 40, '[2020-08-21 11:35:07(5)(lo que el viento se llevo=gone with the wind|El bueno el malo y el feo=the good the bad and the ugly|)]', 'lo que el viento se llevo=gone with the wind|El bueno el malo y el feo=the good the bad and the ugly|', 'P', '50.00%');

--
-- Índices para tablas volcadas
--

--
-- Indices de la tabla `alumno`
--
ALTER TABLE `alumno`
  ADD PRIMARY KEY (`alumno`);

--
-- Indices de la tabla `aula`
--
ALTER TABLE `aula`
  ADD PRIMARY KEY (`aula`);

--
-- Indices de la tabla `colegio`
--
ALTER TABLE `colegio`
  ADD PRIMARY KEY (`colegio`);

--
-- Indices de la tabla `libro`
--
ALTER TABLE `libro`
  ADD PRIMARY KEY (`libro`);

--
-- Indices de la tabla `libroalumno`
--
ALTER TABLE `libroalumno`
  ADD PRIMARY KEY (`libroalumno`);

--
-- Indices de la tabla `libroalumnorespuesta`
--
ALTER TABLE `libroalumnorespuesta`
  ADD PRIMARY KEY (`libroalumnorespuesta`);

--
-- AUTO_INCREMENT de las tablas volcadas
--

--
-- AUTO_INCREMENT de la tabla `alumno`
--
ALTER TABLE `alumno`
  MODIFY `alumno` int(11) NOT NULL AUTO_INCREMENT, AUTO_INCREMENT=8;

--
-- AUTO_INCREMENT de la tabla `aula`
--
ALTER TABLE `aula`
  MODIFY `aula` int(11) NOT NULL AUTO_INCREMENT, AUTO_INCREMENT=3;

--
-- AUTO_INCREMENT de la tabla `colegio`
--
ALTER TABLE `colegio`
  MODIFY `colegio` int(11) NOT NULL AUTO_INCREMENT, AUTO_INCREMENT=2;

--
-- AUTO_INCREMENT de la tabla `libro`
--
ALTER TABLE `libro`
  MODIFY `libro` int(11) NOT NULL AUTO_INCREMENT, AUTO_INCREMENT=4;

--
-- AUTO_INCREMENT de la tabla `libroalumno`
--
ALTER TABLE `libroalumno`
  MODIFY `libroalumno` int(11) NOT NULL AUTO_INCREMENT, AUTO_INCREMENT=13;

--
-- AUTO_INCREMENT de la tabla `libroalumnorespuesta`
--
ALTER TABLE `libroalumnorespuesta`
  MODIFY `libroalumnorespuesta` int(11) NOT NULL AUTO_INCREMENT, AUTO_INCREMENT=66;
COMMIT;

/*!40101 SET CHARACTER_SET_CLIENT=@OLD_CHARACTER_SET_CLIENT */;
/*!40101 SET CHARACTER_SET_RESULTS=@OLD_CHARACTER_SET_RESULTS */;
/*!40101 SET COLLATION_CONNECTION=@OLD_COLLATION_CONNECTION */;
